dataset,model,mode,gene_pool,pathway_pool,D,seed,bal_acc,macro_f1,log_loss,auc,best_epoch,epochs,minutes,data_dir,model_file,smoke,run_dir
gtex,KG-HTT,sum,mean,mean,32,0,0.9367599860910948,0.9358605657621768,0.27021491527557373,0.9939790152554725,12.0,16.0,75.2,data/prepared,kghtt_model_v3.py,False,gtex_sum_s0_pilot
gtex,KG-HTT,sum,attention,mean,64,0,0.9331642270707858,0.9351491314949751,0.20150455832481384,0.9967918393560643,7.0,11.0,80.8,data/prepared,kghtt_model_v5.py,False,gtex_sum_gene-attn_s0_d64
gtex,KG-HTT,sum,attention,mean,64,1,0.9150885418966682,0.9174710596214772,0.22204412519931793,0.9968196613763809,7.0,11.0,81.3,data/prepared,kghtt_model_v5.py,False,gtex_sum_gene-attn_s1_d64
gtex,KG-HTT,sum,attention,mean,64,2,0.9285128516999801,0.929818158934976,0.22246074676513672,0.9957672388344309,5.0,9.0,64.2,data/prepared,kghtt_model_v5.py,False,gtex_sum_gene-attn_s2_d64
gtex,LR,-,-,-,-,0,0.9580275966659937,0.9584227112214333,0.2053977996110916,0.9983934885423146,,,0.14,data/prepared,-,False,baselines/gtex/lr
gtex,XGB,-,-,-,-,0,0.9552244477451027,0.9566328228842157,0.1452610343694687,0.9972779093741175,,,8.18,data/prepared,-,False,baselines/gtex/xgb
gtex,RF,-,-,-,-,0,0.9397435997947048,0.9423112581994665,0.3054540997290323,0.9970439589066193,,,0.51,data/prepared,-,False,baselines/gtex/rf
tcga,KG-HTT,sum,mean,mean,32,0,0.930096366832768,0.9336518173657687,0.23078401386737823,0.9980567154240428,13.0,17.0,100.3,data/prepared,kghtt_model_v3.py,False,tcga_sum_s0_pilot
tcga,KG-HTT,sum,mean,attention,32,0,0.9290731445820543,0.9315107811006375,0.25108352303504944,0.9979133203588638,12.0,16.0,94.9,data/prepared,kghtt_model_v4.py,False,tcga_sum_attention_s0
tcga,KG-HTT,sum,mean,multi_attention,32,0,0.9325883389564064,0.932537180654896,0.21833038330078125,0.9983398042638806,10.0,14.0,79.3,data/prepared,kghtt_model_v4.py,False,tcga_sum_multi_attention_s0
tcga,KG-HTT,sum,attention,mean,32,0,0.9402774327214258,0.9380224812404044,0.19365422427654266,0.9983179908732255,9.0,13.0,77.0,data/prepared,kghtt_model_v5.py,False,tcga_sum_gene-attn_s0
tcga,KG-HTT,sum,attention,multi_attention,32,0,0.9376264307401345,0.9360097153188528,0.21861949563026428,0.9979662227136649,8.0,12.0,72.4,data/prepared,kghtt_model_v5.py,False,tcga_sum_gene-attn_pw-multi_attention_s0
tcga,KG-HTT,sum,attention,mean,64,0,0.9474586402482253,0.9464813395422431,0.19443519413471222,0.9983848552709457,9.0,13.0,119.7,data/prepared,kghtt_model_v5.py,False,tcga_sum_gene-attn_s0_d64
tcga,KG-HTT,sum,attention,mean,64,1,0.9386135194227005,0.9394063040927015,0.21155643463134766,0.9984007383350485,7.0,11.0,101.8,data/prepared,kghtt_model_v5.py,False,tcga_sum_gene-attn_s1_d64
tcga,KG-HTT,sum,attention,mean,64,2,0.9468034633878676,0.9431933943770473,0.18355725705623627,0.9983005079539718,7.0,11.0,99.6,data/prepared,kghtt_model_v5.py,False,tcga_sum_gene-attn_s2_d64
tcga,KG-HTT,concat,attention,mean,64,0,0.9397830477731283,0.9412715517168714,0.2282407283782959,0.9980186680174669,6.0,10.0,94.2,data/prepared,kghtt_model_v5.py,False,tcga_concat_gene-attn_s0_d64
tcga,KG-HTT,concat,attention,mean,64,1,0.9263668603235292,0.9306324302711969,0.22424738109111786,0.9979262061336632,5.0,9.0,85.1,data/prepared,kghtt_model_v5.py,False,tcga_concat_gene-attn_s1_d64
tcga,LR,-,-,-,-,0,0.9718148608021014,0.9722353991328587,0.10787441581487656,0.9996557386823565,,,0.07,data/prepared,-,False,baselines/tcga/lr
tcga,XGB,-,-,-,-,0,0.9674864721013936,0.968956995054675,0.10997512936592102,0.9993357568351913,,,10.73,data/prepared,-,False,baselines/tcga/xgb
tcga,RF,-,-,-,-,0,0.9447871117510765,0.9483824123287213,0.39791607599502765,0.9985759001203608,,,0.5,data/prepared,-,False,baselines/tcga/rf
