,s0,s1,s2,mean,sd,ensemble,logistic_reg,gap_vs_lr
Esophageal Carcinoma,0.8235,0.8916,0.8148,0.8433,0.042054607357577344,0.8941176470588236,0.9091,-0.06579999999999997
Glioblastoma Multiforme,0.875,0.8506,0.8608,0.8621333333333334,0.012254522974532016,0.8674698795180723,0.9867,-0.1245666666666666
Cervical & Endocervical Cancer,0.8519,0.8684,0.8774,0.8658999999999999,0.012932517156377544,0.8974358974358975,0.9221,-0.05620000000000014
Lung Squamous Cell Carcinoma,0.8814,0.8898,0.8841,0.8851,0.00428835632847835,0.9113924050632911,0.9583,-0.07320000000000004
Uterine Corpus Endometrioid Carcinoma,0.8936,0.913,0.8866,0.8977333333333334,0.013676744251953147,0.9166666666666666,0.9231,-0.02536666666666665
Head & Neck Squamous Cell Carcinoma,0.9416,0.8848,0.9231,0.9165000000000001,0.028969466684770004,0.9348659003831418,0.9545,-0.03799999999999992
Pancreatic Adenocarcinoma,0.9535,0.9195,0.9111,0.9280333333333334,0.022451132116963132,0.9425287356321839,0.967,-0.038966666666666594
Kidney Papillary Cell Carcinoma,0.9306,0.9065,0.9517,0.9296000000000001,0.022616586833560902,0.9370629370629371,0.9452,-0.015599999999999947
Bladder Urothelial Carcinoma,0.9353,0.9167,0.9447,0.9322333333333334,0.014249678358943188,0.9494949494949495,0.9652,-0.03296666666666659
Stomach Adenocarcinoma,0.9296,0.9488,0.9352,0.9378666666666667,0.00987387124350592,0.9577464788732394,0.9619,-0.02403333333333324
Lung Adenocarcinoma,0.943,0.9385,0.9354,0.9389666666666666,0.0038214307966170334,0.9393939393939394,0.9695,-0.030533333333333412
Sarcoma,0.9624,0.9265,0.9552,0.9480333333333334,0.01899271790274721,0.9481481481481482,0.9771,-0.029066666666666574
Thymoma,0.9474,0.9286,0.9836,0.9531999999999999,0.02795496378105329,0.9830508474576272,0.9831,-0.029900000000000038
Brain Lower Grade Glioma,0.968,0.9504,0.9603,0.9595666666666668,0.008822886904711684,0.9635627530364372,1.0,-0.04043333333333321
Kidney Clear Cell Carcinoma,0.9624,0.9591,0.9734,0.9649666666666666,0.007487545214109487,0.9699248120300752,0.9773,-0.012333333333333307
Skin Cutaneous Melanoma,0.9796,0.96,0.96,0.9665333333333334,0.011316065276116699,0.9795918367346939,0.9796,-0.013066666666666671
Colon Adenocarcinoma,1.0,0.964,0.9655,0.9765,0.020365411854416305,0.993006993006993,0.9859,-0.009399999999999964
Testicular Germ Cell Tumor,0.9867,0.9863,0.96,0.9776666666666666,0.015301089285842815,0.972972972972973,1.0,-0.022333333333333427
Liver Hepatocellular Carcinoma,0.9834,0.9834,0.9834,0.9834,0.0,0.989010989010989,0.9945,-0.011099999999999999
Pheochromocytoma & Paraganglioma,0.9778,0.9888,0.9885,0.9850333333333334,0.00626604606856138,0.9887640449438202,0.9773,0.007733333333333481
Breast Invasive Carcinoma,0.989,0.9872,0.9945,0.9902333333333333,0.0038030689361795247,0.9908256880733946,0.9963,-0.006066666666666665
Thyroid Carcinoma,1.0,0.9881,0.996,0.9946999999999999,0.006055575942881085,1.0,1.0,-0.005300000000000082
Ovarian Serous Cystadenocarcinoma,1.0,0.9952,0.9953,0.9968333333333333,0.0027428695436227794,1.0,1.0,-0.003166666666666651
Prostate Adenocarcinoma,1.0,1.0,0.996,0.9986666666666667,0.0023094010767585054,1.0,1.0,-0.0013333333333332975
