,s0,s1,s2,mean,sd,lr,gap_vs_lr
Colon - Sigmoid,0.746,0.383,0.714,0.615,0.201,0.8,-0.185
Esophagus - Gastroesophageal Junction,0.531,0.656,0.688,0.625,0.083,0.727,-0.103
Colon - Transverse,0.81,0.716,0.761,0.762,0.047,0.816,-0.054
Breast - Mammary Tissue,0.854,0.851,0.864,0.856,0.007,0.978,-0.122
Esophagus - Muscularis,0.859,0.877,0.889,0.875,0.015,0.862,0.013
Skin - Not Sun Exposed (Suprapubic),0.912,0.885,0.836,0.878,0.039,0.974,-0.097
Skin - Sun Exposed (Lower Leg),0.919,0.912,0.844,0.892,0.041,0.962,-0.07
Adipose - Visceral (Omentum),0.911,0.887,0.906,0.901,0.013,0.923,-0.022
Adipose - Subcutaneous,0.92,0.91,0.904,0.911,0.008,0.963,-0.052
Artery - Coronary,0.926,0.885,0.929,0.913,0.025,0.982,-0.069
Stomach,0.945,0.886,0.927,0.919,0.03,0.965,-0.045
Esophagus - Mucosa,0.947,0.947,0.947,0.947,0.0,0.947,0.0
Prostate,0.98,0.98,0.939,0.966,0.024,0.98,-0.014
Pituitary,0.981,0.981,0.981,0.981,0.0,0.981,0.0
Heart - Atrial Appendage,0.988,0.988,0.977,0.984,0.007,0.988,-0.004
Artery - Tibial,0.993,0.972,0.993,0.986,0.012,1.0,-0.014
Artery - Aorta,0.99,1.0,0.98,0.99,0.01,1.0,-0.01
Nerve - Tibial,0.993,0.986,0.993,0.99,0.004,0.993,-0.002
Muscle - Skeletal,0.99,0.99,0.995,0.992,0.003,0.995,-0.003
Adrenal Gland,1.0,1.0,0.985,0.995,0.009,1.0,-0.005
Testis,1.0,1.0,0.988,0.996,0.007,1.0,-0.004
Heart - Left Ventricle,0.99,1.0,1.0,0.997,0.006,1.0,-0.003
Brain,0.998,0.998,0.998,0.998,0.0,0.998,0.0
Liver,1.0,1.0,1.0,1.0,0.0,1.0,0.0
Lung,1.0,1.0,1.0,1.0,0.0,1.0,0.0
Pancreas,1.0,1.0,1.0,1.0,0.0,1.0,0.0
Thyroid,1.0,1.0,1.0,1.0,0.0,1.0,0.0
Whole Blood,1.0,1.0,1.0,1.0,0.0,1.0,0.0
