pathway,n_genes,auc_drop,auc_drop_se,logloss_rise
Glycolysis / Gluconeogenesis,57,6.475618907764158e-07,4.205415789313633e-06,0.0005035996437072754
Citrate cycle (TCA cycle),29,1.0901263781670778e-06,3.106066712667269e-06,-0.0006642937660217285
Pentose phosphate pathway,27,3.7970287458666263e-06,4.50256085922233e-06,0.00047266483306884766
Pentose and glucuronate interconversions,24,-1.0739479745502933e-06,3.4834114215686083e-06,-0.0005058050155639648
Fructose and mannose metabolism,35,1.750801290800741e-05,4.314209936652746e-06,0.0011971890926361084
Galactose metabolism,27,-2.3868467126653137e-05,3.887759245105485e-06,-0.0005052089691162109
Ascorbate and aldarate metabolism,19,5.540890352984107e-06,4.225288795510452e-06,-0.0004925131797790527
Fatty acid biosynthesis,17,-2.2613150732819776e-05,3.6755178132167277e-06,-0.0010175704956054688
Fatty acid elongation,28,-2.0255574158301037e-05,3.743981917528047e-06,0.00022089481353759766
Fatty acid degradation,42,3.104337624182385e-06,5.786452925693317e-06,0.0005344748497009277
Steroid biosynthesis,19,2.0301767756913947e-06,4.2792730670192815e-06,-0.0004131197929382324
Primary bile acid biosynthesis,12,2.867132425310448e-05,4.9509472883560485e-06,0.0015099942684173584
Ubiquinone and other terpenoid-quinone biosynthesis,11,-1.4789615358612451e-05,5.911950774879734e-06,-0.00038242340087890625
Steroid hormone biosynthesis,39,3.9669445582868335e-05,6.583520542098074e-06,0.0007861554622650146
Oxidative phosphorylation,128,-1.900983708258419e-05,3.0251503936207856e-06,-0.00018158555030822754
Arginine biosynthesis,21,-5.4097601345226565e-06,4.777090178357302e-06,-0.001363217830657959
Purine metabolism,114,-1.383913414809701e-05,4.274773453109892e-06,-0.0007612109184265137
Pyrimidine metabolism,54,-7.155537605219031e-06,2.0623236487167376e-06,-0.0007486343383789062
"Alanine, aspartate and glutamate metabolism",34,4.0656753950152336e-06,4.3676056297571326e-06,-0.0008631050586700439
"Glycine, serine and threonine metabolism",37,1.2557421411707459e-05,3.7032515244596463e-06,0.0008885562419891357
Cysteine and methionine metabolism,48,1.92178147181421e-05,4.277231668978194e-06,0.0004229247570037842
"Valine, leucine and isoleucine degradation",47,-5.773135594022705e-07,3.855767032047045e-06,-0.0008589327335357666
Lysine degradation,61,8.5675290650844e-06,1.994306606253423e-06,0.0002498626708984375
Arginine and proline metabolism,48,1.1104558195307312e-05,5.836020759158048e-06,0.00010272860527038574
Histidine metabolism,21,1.436088766360033e-05,4.8611844936774024e-06,0.0009399950504302979
Tyrosine metabolism,31,-2.7232936451460077e-06,3.841952301368109e-06,-0.0003356635570526123
Phenylalanine metabolism,14,3.009736537940011e-05,5.364516771123954e-06,-0.00013825297355651855
Tryptophan metabolism,37,1.4343432017671631e-05,5.158069193217661e-06,-0.00012481212615966797
beta-Alanine metabolism,30,1.514064414154248e-05,5.0708407757367925e-06,-0.0006909966468811035
Taurine and hypotaurine metabolism,14,-1.5759468078524463e-05,8.071718848147294e-06,0.0005043447017669678
Selenocompound metabolism,17,4.75794076926217e-06,3.1979061251212134e-06,-0.00013425946235656738
Glutathione metabolism,52,-3.079857145094067e-06,3.174293345103202e-06,-0.00035116076469421387
Starch and sucrose metabolism,30,3.6033136503466068e-06,5.043336607860172e-06,-0.0005068778991699219
N-Glycan biosynthesis,55,-1.4909037521992907e-05,2.538837149502458e-06,-0.0008236467838287354
Other glycan degradation,17,-8.030874388498255e-06,6.572847677678446e-06,-0.0019084811210632324
Mucin type O-glycan biosynthesis,33,-2.6321836880338623e-05,4.194379311023282e-06,-7.861852645874023e-05
Various types of N-glycan biosynthesis,43,5.454463618215222e-06,2.2170623296371847e-06,-0.000602036714553833
Other types of O-glycan biosynthesis,47,-3.5206122057762634e-05,2.579709420069176e-06,-0.0008436441421508789
Mannose type O-glycan biosynthesis,23,-8.661619254501929e-06,3.3986107107319445e-06,-0.0012385249137878418
Amino sugar and nucleotide sugar metabolism,37,-7.5438192913557245e-06,4.4473222420870595e-06,-0.00039136409759521484
Glycosaminoglycan degradation,17,-1.2360938957622913e-05,6.7350570057548765e-06,-0.002115696668624878
Glycosaminoglycan biosynthesis - chondroitin sulfate / dermatan sulfate,21,1.3573041984127343e-05,2.6614076770340747e-06,-0.0013523995876312256
Glycosaminoglycan biosynthesis - keratan sulfate,14,-8.06195395341991e-06,7.899667232007706e-06,-8.121132850646973e-05
Glycosaminoglycan biosynthesis - heparan sulfate / heparin,21,5.222558975226388e-05,8.771910595638514e-06,0.0022742748260498047
Biosynthesis of various nucleotide sugars,19,1.2602550642948351e-05,4.8906527484344234e-06,0.00013017654418945312
Glycerolipid metabolism,58,4.513348851875598e-06,3.165126505237954e-06,-0.0006558001041412354
Inositol phosphate metabolism,77,1.7483319554978394e-05,1.9488323671215895e-06,0.0003879964351654053
Glycosylphosphatidylinositol (GPI)-anchor biosynthesis,30,2.291585718072753e-06,4.801585840798365e-06,-0.00028464198112487793
Glycerophospholipid metabolism,97,-3.807097673413917e-05,2.8502284055365486e-06,-0.0010211467742919922
Ether lipid metabolism,47,-1.22870717731427e-05,3.584148397257647e-06,-0.00019696354866027832
Arachidonic acid metabolism,55,-9.174857820815063e-06,4.116674284380536e-06,0.00013896822929382324
Linoleic acid metabolism,23,-2.6879353182684973e-05,6.9686775912413125e-06,0.0006861686706542969
alpha-Linolenic acid metabolism,22,-2.4185223238992748e-05,5.113856796591004e-06,0.0003082454204559326
Sphingolipid metabolism,51,4.264925207331238e-06,6.077435623956445e-06,-0.00013849139213562012
Glycosphingolipid biosynthesis - lacto and neolacto series,26,3.088989428112754e-05,5.829541002164043e-06,0.0006401240825653076
Glycosphingolipid biosynthesis - globo and isoglobo series,15,1.9292746270549443e-06,9.200203518247136e-06,0.00018164515495300293
Glycosphingolipid biosynthesis - ganglio series,15,2.879564251234701e-05,6.032785531165679e-06,-0.0002522766590118408
Pyruvate metabolism,45,-8.056206362572205e-06,4.209450257259374e-06,-0.00016674399375915527
Glyoxylate and dicarboxylate metabolism,27,-5.6028366087756964e-06,4.552237051886189e-06,0.00043198466300964355
Propanoate metabolism,30,3.0352388109666784e-05,3.532368527930255e-06,0.000570148229598999
Butanoate metabolism,23,6.638680185688806e-06,5.345249834938956e-06,-0.0002161562442779541
One carbon pool by folate,38,-7.759886128444471e-06,4.3458007130528425e-06,0.00029838085174560547
Thiamine metabolism,12,2.1845102310291686e-05,9.021825073317717e-06,-0.0004488527774810791
Nicotinate and nicotinamide metabolism,34,-2.7998217514646484e-05,4.28250041645188e-06,-0.0008348524570465088
Pantothenate and CoA biosynthesis,20,-2.1240540912792483e-06,3.9377288202500335e-06,0.0002544522285461426
Lipoic acid metabolism,18,3.978673900884022e-05,3.09150160148976e-06,1.8805265426635742e-05
Folate biosynthesis,23,-3.5433258329109485e-05,4.030540418483436e-06,-0.0004431307315826416
Retinol metabolism,45,3.353463751942787e-05,5.014470282029811e-06,0.0014567971229553223
Porphyrin metabolism,32,-6.653368472941956e-06,4.290564465177533e-06,-5.40316104888916e-05
Terpenoid backbone biosynthesis,23,6.41111816690465e-06,6.116808786860467e-06,0.00010976195335388184
Nitrogen metabolism,14,6.22491751399723e-05,8.775718982416679e-06,0.0014928579330444336
Sulfur metabolism,10,2.7317447321872912e-05,7.765873367453829e-06,0.0019790828227996826
Aminoacyl-tRNA biosynthesis,44,-1.5785651547473023e-05,2.5925571449583944e-06,-0.0010732412338256836
Metabolism of xenobiotics by cytochrome P450,52,1.989666904733678e-05,4.068604430766679e-06,0.0017945170402526855
Drug metabolism - cytochrome P450,48,1.7506097044428515e-05,3.6373350620356946e-06,0.0016363561153411865
Drug metabolism - other enzymes,60,1.813960926877467e-05,4.456139715063637e-06,0.00046712160110473633
Biosynthesis of unsaturated fatty acids,26,-1.1606727327584387e-05,5.578659105928466e-06,-0.0002269744873046875
ABC transporters,40,-1.2090376445228479e-05,6.014763970629036e-06,-0.00029215216636657715
Ribosome biogenesis in eukaryotes,82,-1.4594623020780517e-05,4.969701306666082e-06,-0.0007921755313873291
Nucleocytoplasmic transport,101,6.051574434673412e-06,2.6171863860952362e-06,-0.0003253519535064697
mRNA surveillance pathway,90,-1.8239021301047487e-06,2.8265379213332738e-06,-0.00018933415412902832
RNA degradation,76,-1.2494410787322607e-05,3.1161781494163927e-06,-0.00042620301246643066
RNA polymerase,33,-9.28278480250011e-06,3.589769989481189e-06,-0.0003872513771057129
Basal transcription factors,40,2.81482934960664e-06,2.9580149675488863e-06,0.0004031658172607422
DNA replication,35,-7.2794301169132325e-06,2.477276776950464e-06,-1.1473894119262695e-05
Proteasome,44,-8.231401443459241e-06,4.473879246249404e-06,0.0002384781837463379
Protein export,30,-1.06745532580943e-05,4.447414765324623e-06,-0.0007866919040679932
ATP-dependent chromatin remodeling,105,-2.203881740658886e-06,3.8685755214610105e-06,0.0004114508628845215
Polycomb repressive complex,83,-9.030103683360657e-06,2.2317346694129934e-06,0.00017642974853515625
Viral life cycle - HIV-1,63,-2.0305173737744653e-05,2.9552039582938656e-06,-0.0009029805660247803
"Virion - Ebolavirus, Lyssavirus and Morbillivirus",11,-3.0069478920480286e-05,4.5375850443857176e-06,0.0018247365951538086
Virion - Hepatitis viruses,39,-2.084033829818921e-05,4.169788462600491e-06,-0.0006727278232574463
Virion - Lassa virus and SFTS virus,14,1.0586210659191408e-06,5.131578280473155e-06,-0.0005769729614257812
PPAR signaling pathway,68,-2.990875925368286e-06,2.977584518398429e-06,-4.616379737854004e-05
Base excision repair,44,-4.049071243961144e-06,3.4575766309028104e-06,3.123283386230469e-05
Nucleotide excision repair,60,3.350419657710546e-06,2.6350161229684894e-06,0.00018554925918579102
Mismatch repair,22,-3.98137739732185e-06,4.383321041826818e-06,-0.00037601590156555176
Homologous recombination,40,2.8772013528355345e-06,2.4727949575735176e-06,-0.00010988116264343262
Non-homologous end-joining,12,8.713347571354113e-06,7.512892489911046e-06,-8.01384449005127e-05
Fanconi anemia pathway,53,-3.009289503086432e-05,3.694543701717074e-06,-0.0016423463821411133
ErbB signaling pathway,84,-1.4212727546647486e-05,3.780766386606407e-06,-0.00022727251052856445
Viral protein interaction with cytokine and cytokine receptor,85,5.066394814789987e-08,2.8102958825602963e-06,0.0004311203956604004
NF-kappa B signaling pathway,103,-1.0732880660446753e-05,3.304301328075879e-06,-0.0005962550640106201
HIF-1 signaling pathway,102,-1.316879476820354e-05,3.060365120153306e-06,-0.00026291608810424805
FoxO signaling pathway,121,-1.501760312472289e-05,2.8142774124748214e-06,-0.0002378523349761963
Phosphatidylinositol signaling system,95,4.920363426141883e-06,3.0746887321889508e-06,-0.00010225176811218262
Sphingolipid signaling pathway,121,-1.2974228177586866e-05,4.759949907459031e-06,3.2573938369750977e-05
Phospholipase D signaling pathway,136,-5.311625344450732e-06,3.980425243597654e-06,-0.0007925331592559814
Neuroactive ligand signaling,147,-9.196358067731225e-06,3.44734665886918e-06,1.2546777725219727e-05
Oocyte meiosis,114,-1.1851106371030262e-05,3.133430025965695e-06,-0.000794142484664917
p53 signaling pathway,75,-1.0567903518832189e-05,2.7135264131505753e-06,-1.3262033462524414e-05
Ubiquitin mediated proteolysis,139,-2.4735927582897332e-06,1.5061605366520174e-06,-0.0004502832889556885
SNARE interactions in vesicular transport,33,-3.003861222949933e-05,5.982832224073549e-06,0.00023162364959716797
Autophagy - other,31,-9.721943310392334e-07,5.4198558990493445e-06,-0.0007280707359313965
Mitophagy - animal,101,-1.575137887666056e-05,3.539158818405702e-06,-0.00045356154441833496
Peroxisome,78,-6.775770868605591e-06,3.517899584586098e-06,-0.000931859016418457
mTOR signaling pathway,147,-1.011895281921582e-05,2.3469723194898453e-06,-0.0006166696548461914
AMPK signaling pathway,114,-2.929653440186808e-05,3.65028816988877e-06,-0.0014697611331939697
Integrated stress response (ISR) signaling pathway,51,1.820240701955189e-05,4.104253775153782e-06,-0.0002631247043609619
Apoptosis,132,-1.0421872138954846e-05,2.015466179588038e-06,-6.696581840515137e-05
Longevity regulating pathway,83,-2.21290758678494e-05,3.5732715550499093e-06,-0.0010493099689483643
Longevity regulating pathway - multiple species,56,-2.9976240226381456e-05,3.972917324082316e-06,-0.001539468765258789
Apoptosis - multiple species,31,-1.2583604880656019e-05,6.09456282560394e-06,0.0014269649982452393
Ferroptosis,40,1.0786524840877831e-05,6.951217881376897e-06,0.00016999244689941406
Necroptosis,130,-1.224598714288927e-05,2.471306617843445e-06,-0.00037744641304016113
Cellular senescence,150,-8.479399340455274e-06,2.5243338633570356e-06,-0.0004774928092956543
Cardiac muscle contraction,79,6.158224174046545e-06,4.174903482078878e-06,0.0005427300930023193
Adrenergic signaling in cardiomyocytes,144,8.976885251810174e-07,4.95921854278059e-06,0.00023916363716125488
Vascular smooth muscle contraction,121,5.587935448803094e-07,3.986418443368063e-06,-0.0005094408988952637
Notch signaling pathway,60,-1.4213579041633118e-05,2.8314358932143114e-06,-0.0005495846271514893
Hedgehog signaling pathway,52,-7.333500044670593e-06,3.3217639322708813e-06,0.0010176897048950195
TGF-beta signaling pathway,105,7.0712396077476924e-06,2.9481148518805623e-06,0.000767439603805542
VEGF signaling pathway,57,-2.9079190322245374e-05,5.516847877136464e-06,-0.0006970465183258057
Apelin signaling pathway,129,-1.4149504048321937e-05,3.269534276995003e-06,-0.0011601746082305908
Osteoclast differentiation,128,-2.080776861734801e-05,3.7618152025558294e-06,-0.0005477964878082275
Cornified envelope formation,150,1.6547100884611865e-05,3.001607574936701e-06,-0.00029084086418151855
Hippo signaling pathway - multiple species,28,2.4078147751960266e-05,4.786600628403802e-06,0.0009015202522277832
ECM-receptor interaction,81,1.1840249811045922e-05,4.84440685815163e-06,0.00035819411277770996
Cell adhesion molecule (CAM) interaction,150,6.1748283252116565e-06,2.515478242840204e-06,0.0006171762943267822
Integrin signaling,149,-1.2957198279206494e-05,3.924605177019892e-06,-0.0002834498882293701
Adherens junction,92,-1.754484006333268e-05,2.3711240919753083e-06,-0.0005156993865966797
Gap junction,77,-1.1720401900117139e-05,2.262996590636011e-06,-0.0005032718181610107
Signaling pathways regulating pluripotency of stem cells,123,-1.10728400092297e-05,3.4110381297970853e-06,6.99460506439209e-05
Complement and coagulation cascades,70,2.2367494446950964e-05,3.145124357179414e-06,0.0008006393909454346
Platelet activation,117,-7.076135703498743e-06,5.023458255981417e-06,-0.0009488165378570557
Antigen processing and presentation,63,1.01347054753953e-05,5.660181659888963e-06,-0.00017470121383666992
Renin-angiotensin system,20,-3.325470856263557e-05,4.43147749616871e-06,-0.0004912912845611572
Toll-like receptor signaling pathway,90,-8.464711052869056e-06,3.0553071747101153e-06,0.00026616454124450684
RIG-I-like receptor signaling pathway,54,-9.76622104642555e-06,5.30631807347172e-06,-0.0003317296504974365
Cytosolic DNA-sensing pathway,68,-1.0998759950697767e-05,2.985373280207177e-06,-0.0003211796283721924
C-type lectin receptor signaling pathway,97,-1.3729717050270374e-05,3.227765874364522e-06,-0.0003091096878051758
JAK-STAT signaling pathway,122,-2.0033759730364586e-05,3.4379618512047755e-06,-0.0002040266990661621
Hematopoietic cell lineage,86,-1.0571309498330628e-05,5.239100355317857e-06,-0.0002606809139251709
Natural killer cell mediated cytotoxicity,99,-1.8769076892244385e-05,4.563871080503504e-06,-0.0010164380073547363
IL-17 signaling pathway,84,6.869435310585814e-07,4.2288034666993745e-06,0.0006987452507019043
Th1 and Th2 cell differentiation,84,-1.3281192099423578e-06,4.6082041503533426e-06,-0.0002561509609222412
Th17 cell differentiation,98,-9.731735502005456e-06,5.158314465359023e-06,-0.00016030669212341309
T cell receptor signaling pathway,116,-1.5341171196392445e-05,3.5710422144949504e-06,-0.0008141696453094482
B cell receptor signaling pathway,80,-1.6211399010312988e-05,2.8755287681963037e-06,-0.0009461343288421631
Fc epsilon RI signaling pathway,62,3.8968665259098145e-06,4.192925686653257e-06,0.0005773007869720459
Fc gamma R-mediated phagosome formation,95,2.7243580137392698e-06,4.942817455754872e-06,0.0005045831203460693
TNF signaling pathway,117,-1.769406454910083e-05,3.1909973982235368e-06,-0.0001462101936340332
Leukocyte transendothelial migration,106,-1.2217674936532141e-05,2.027857908505129e-06,-0.0014444589614868164
Intestinal immune network for IgA production,41,-1.2427781309387598e-05,3.794489351038104e-06,-0.0006583631038665771
Circadian rhythm,32,-2.2787920066269507e-05,3.841473353697857e-06,-0.0009255111217498779
Circadian entrainment,89,1.721084117778382e-06,2.8816559967528386e-06,-0.00044143199920654297
Long-term potentiation,62,-8.448532649585339e-06,4.1216237439797485e-06,-0.00030484795570373535
Synaptic vesicle cycle,68,-5.224134240644496e-06,4.702013623460423e-06,-0.0001246333122253418
Neurotrophin signaling pathway,119,-1.1821091175034937e-05,2.8073626569903844e-06,-0.000314861536026001
Retrograde endocannabinoid signaling,134,-2.2245304920343045e-07,3.874171315106244e-06,0.00011470913887023926
Glutamatergic synapse,102,-1.4392392976292356e-06,3.534935521473454e-06,0.00017780065536499023
Cholinergic synapse,101,-1.8047434943047058e-05,4.172211720757145e-06,-0.0004832148551940918
Serotonergic synapse,91,-9.679368564441404e-07,2.750153845713284e-06,0.0004921853542327881
GABAergic synapse,79,-1.6792331423043372e-05,5.244971490472325e-06,-0.0010235905647277832
Dopaminergic synapse,121,2.782898289810376e-06,4.2681544946827775e-06,0.0007005631923675537
Long-term depression,56,-9.899267128465894e-06,2.4552364997365703e-06,-0.0006971359252929688
Olfactory transduction,41,-2.2604635783407545e-05,4.078936907911828e-06,-0.0010145008563995361
Taste transduction,45,1.981854439447872e-07,4.292058368727036e-06,0.001025766134262085
Phototransduction,16,8.654381547623657e-06,7.783231792480373e-06,0.0007802844047546387
Inflammatory mediator regulation of TRP channels,93,9.62189265596436e-07,5.376514859704744e-06,0.0005095303058624268
Insulin signaling pathway,129,-1.5616416930708255e-06,2.949867083533603e-06,-0.0004075765609741211
Insulin secretion,72,-1.2084841728099427e-05,4.537592653651657e-06,-0.001034557819366455
GnRH signaling pathway,86,-3.1965119497989747e-06,4.4760088510711745e-06,-0.00038054585456848145
Ovarian steroidogenesis,42,-2.238345997662705e-05,5.415703882915095e-06,-0.0005636215209960938
Progesterone-mediated oocyte maturation,89,-5.624123982084228e-06,1.7617598282734432e-06,-0.0002607107162475586
Estrogen signaling pathway,115,-5.848492894866553e-06,3.094218133602981e-06,-0.0003648698329925537
Melanogenesis,94,4.1084630153509494e-07,3.920632154767618e-06,-0.001455932855606079
Prolactin signaling pathway,65,-1.865008047652328e-05,4.521821985705122e-06,-0.000655829906463623
Thyroid hormone synthesis,68,1.8124069486313843e-06,3.923190372548458e-06,-0.0002569258213043213
Thyroid hormone signaling pathway,118,-2.46820705277484e-05,4.424329222094321e-06,-0.000521242618560791
Adipocytokine signaling pathway,64,-2.1613069943082763e-05,4.527919175416265e-06,-0.001376420259475708
Oxytocin signaling pathway,142,-4.866932119429457e-06,3.672517043653615e-06,-0.0008174479007720947
Glucagon signaling pathway,93,9.875212397814082e-07,5.184667794220749e-06,-0.0004773736000061035
Regulation of lipolysis in adipocytes,53,-1.5911885670183423e-05,3.924383902472698e-06,-0.001011282205581665
Renin secretion,62,1.3976650578673144e-05,4.8438343264451915e-06,-0.00037598609924316406
Aldosterone synthesis and secretion,89,-3.1479767389486213e-06,5.213629626457435e-06,-0.0008094608783721924
Relaxin signaling pathway,120,-1.5450801168159778e-05,4.023110640170642e-06,-0.00044462084770202637
Cortisol synthesis and secretion,54,-4.587428910296509e-06,4.212192611878642e-06,-0.00047844648361206055
"Parathyroid hormone synthesis, secretion and action",104,-1.27534781183547e-05,3.974560129919773e-06,-0.0002509951591491699
GnRH secretion,58,5.23456505363562e-06,2.605061116305667e-06,0.0006344914436340332
"Growth hormone synthesis, secretion and action",107,-2.590417861936256e-05,3.3409061787605227e-06,-0.0002638399600982666
Aldosterone-regulated sodium reabsorption,34,-3.935652119768651e-05,3.6705498121997957e-06,-0.00030931830406188965
Endocrine and other factor-regulated calcium reabsorption,49,-1.3101313795171876e-05,4.941947442330603e-06,-0.0017024576663970947
Vasopressin-regulated water reabsorption,41,-1.62226813180677e-05,5.92563223905131e-06,-0.0006462931632995605
Proximal tubule bicarbonate reclamation,22,1.1159053870724023e-05,7.125391106957697e-06,-0.0006389319896697998
Collecting duct acid secretion,23,-1.820900610505216e-05,3.972150681056307e-06,-0.0011091530323028564
Salivary secretion,78,-1.9546066011733032e-05,4.287536157353301e-06,-0.0016028881072998047
Gastric acid secretion,68,-4.24661806652793e-06,2.6731632118038065e-06,-0.0009993314743041992
Pancreatic secretion,89,-1.8735017095150575e-05,3.489502220158636e-06,-0.0008256137371063232
Carbohydrate digestion and absorption,37,-1.9239740712384545e-05,3.856732551116342e-06,1.570582389831543e-05
Protein digestion and absorption,92,2.1316323961628747e-05,4.839066797498532e-06,-0.0005093216896057129
Fat digestion and absorption,34,-1.788777964462085e-05,4.131811347348762e-06,0.000153273344039917
Bile secretion,62,-1.4749595097063306e-05,5.322764472101472e-06,-0.0009230375289916992
Vitamin digestion and absorption,22,3.522549356749227e-05,6.739305020421677e-06,0.0017028450965881348
Mineral absorption,50,9.318547589454163e-06,4.531560432919018e-06,-0.0005929768085479736
Cholesterol metabolism,44,9.509069580637686e-07,2.5480386720872343e-06,-0.000186920166015625
Cobalamin transport and metabolism,17,1.7342184271074146e-05,4.90276746906636e-06,9.950995445251465e-05
Folate transport and metabolism,27,-9.66787338252395e-06,8.351033714291192e-06,-0.0006222724914550781
