,ci_low,ci_high
Lipoic acid metabolism,3.101197736563033e-06,0.00019297360309534218
Thiamine metabolism,-3.2719235335182395e-05,0.00012589368437020408
Pentose and glucuronate interconversions,-1.2513005307709935e-05,0.0001234591965164289
alpha-Linolenic acid metabolism,-1.380458474167512e-05,0.00012824475765225163
Folate biosynthesis,-5.532971450255275e-05,8.22161563804269e-05
Galactose metabolism,-9.082789931924573e-06,9.127517896015404e-05
Fatty acid biosynthesis,-1.7759512577730783e-05,6.65960886647582e-05
Bile secretion,-2.773723432056285e-06,6.615198084285734e-05
Taurine and hypotaurine metabolism,-4.1899340493353754e-05,9.83237155845862e-05
Nitrogen metabolism,-2.5669527905347597e-05,7.486282714775083e-05
ECM-receptor interaction,3.884977528062495e-06,5.358764103487457e-05
Complement and coagulation cascades,-5.882084369515649e-06,4.69847129924178e-05
Biosynthesis of various nucleotide sugars,-2.6707606656370396e-05,6.895505956242276e-05
Drug metabolism - cytochrome P450,-9.874424764011457e-06,7.19624651329798e-05
N-Glycan biosynthesis,-9.596550038848406e-06,4.437696720873963e-05
Retinol metabolism,-7.518806627715424e-06,8.083872497078038e-05
Primary bile acid biosynthesis,-5.4528276835114074e-05,6.934617246900366e-05
Biosynthesis of unsaturated fatty acids,-2.1997243166085862e-05,6.627442581316202e-05
Fat digestion and absorption,-2.9727369546803106e-05,7.960055555607526e-05
Metabolism of xenobiotics by cytochrome P450,-9.113071220331892e-06,5.7855227163827754e-05
Virion - Lassa virus and SFTS virus,-3.336321030350808e-05,0.00010814891329837262
Fatty acid degradation,-2.361324216636762e-05,5.797072180676045e-05
Glucagon signaling pathway,-2.0984773124899103e-05,6.007672420554889e-05
Phototransduction,-3.120117953840928e-05,3.341497055122933e-05
"Glycine, serine and threonine metabolism",-9.725147060010707e-06,5.224852689683924e-05
Ether lipid metabolism,-2.852001360491574e-05,6.652414798744291e-05
Cortisol synthesis and secretion,-2.3785914693583154e-05,4.856348037717007e-05
Ferroptosis,-1.936884863014132e-05,4.636533558374514e-05
Amino sugar and nucleotide sugar metabolism,-3.304912575649577e-05,8.733690849388742e-05
Hedgehog signaling pathway,-2.3206525615382386e-05,4.2471172553995635e-05
