pathway,auc_drop,auc_drop_sd_seeds,logloss_rise,n_genes
Lipoic acid metabolism,2.725748788745541e-05,4.890321163284491e-05,0.00023120641708374023,18
Nitrogen metabolism,2.375174136393099e-05,3.6873140319663784e-05,0.0003815790017445882,14
Retinol metabolism,2.057836169289118e-05,1.1444916297269076e-05,0.0004870692888895671,45
Pentose and glucuronate interconversions,1.8416557993135758e-05,1.9296921457677962e-05,-6.818771362304688e-05,24
Glycosphingolipid biosynthesis - ganglio series,1.7818382808232336e-05,1.102924401072092e-05,-4.669030507405599e-05,15
Steroid hormone biosynthesis,1.7174865518406374e-05,1.966310962496017e-05,0.0005688071250915527,39
Drug metabolism - cytochrome P450,1.662345159629079e-05,1.947312328026848e-06,0.0011909802754720051,48
Complement and coagulation cascades,1.5732007367338003e-05,8.611234967352349e-06,0.0007043580214182535,70
Biosynthesis of various nucleotide sugars,1.5181941645477556e-05,2.7088938777604286e-06,0.0003286401430765788,19
Metabolism of xenobiotics by cytochrome P450,1.4004253205820069e-05,5.833759148175307e-06,0.0008071362972259521,52
ECM-receptor interaction,1.3206402460793262e-05,5.17917945740779e-06,0.0008551577726999918,81
Primary bile acid biosynthesis,1.239535354439584e-05,1.8167007656277655e-05,0.00011291106541951497,12
Taurine and hypotaurine metabolism,1.0958030110382507e-05,2.3308903541924688e-05,0.002260059118270874,14
Drug metabolism - other enzymes,8.768765699329606e-06,9.071899547488102e-06,0.000693589448928833,60
Porphyrin metabolism,8.241193635183386e-06,2.4862402970389232e-05,0.00017161170641581217,32
Histidine metabolism,8.224021820731528e-06,8.608091276499056e-06,0.0011250674724578857,21
Citrate cycle (TCA cycle),7.922379743489453e-06,7.768058375002412e-06,-0.0004371503988901774,29
Thiamine metabolism,7.123038882358064e-06,6.172155338356819e-05,0.00028818845748901367,12
Phenylalanine metabolism,7.092385064984737e-06,2.219760863844851e-05,0.0005914866924285889,14
Ferroptosis,6.8363689241420405e-06,6.982633990781539e-06,0.00010209282239278157,40
Proximal tubule bicarbonate reclamation,6.6855833644741125e-06,5.769384949950842e-06,0.00022564331690470377,22
Glycosphingolipid biosynthesis - globo and isoglobo series,6.447164785335542e-06,6.4267873692160386e-06,9.156266848246257e-05,15
Glycosaminoglycan biosynthesis - heparan sulfate / heparin,6.260758354563005e-06,3.985919927935191e-05,0.0012474457422892253,21
Protein digestion and absorption,4.999694370103984e-06,1.5223165721691827e-05,-6.536642710367839e-05,92
Propanoate metabolism,4.920931089576659e-06,2.316002598563894e-05,0.0001833935578664144,30
Virion - Lassa virus and SFTS virus,4.735305195772514e-06,7.916788957525658e-06,-0.00027045607566833496,14
Renin secretion,4.072132564703068e-06,8.586170727379188e-06,0.00040352344512939453,62
Tryptophan metabolism,3.967469646852055e-06,9.059331749504365e-06,0.00019141038258870444,37
Ascorbate and aldarate metabolism,3.511423156428902e-06,1.3611949332965575e-05,-0.000184019406636556,19
Inositol phosphate metabolism,3.4867298035479166e-06,1.6260687823458607e-05,-1.1275211970011393e-05,77
beta-Alanine metabolism,2.7838207426282104e-06,1.4803232322956399e-05,0.0007950961589813232,30
"Glycine, serine and threonine metabolism",2.694484733445357e-06,1.6375746977240626e-05,0.0006572604179382324,37
Bile secretion,2.6419049217555704e-06,1.8817041176856212e-05,8.826454480489095e-05,62
Sulfur metabolism,2.213744890141219e-06,2.178932681002597e-05,0.0008044838905334473,10
Phosphatidylinositol signaling system,1.7229290235620809e-06,6.953770825386391e-06,1.0112921396891275e-05,95
Taste transduction,1.6555899665648965e-06,3.955782451380472e-06,0.0005795657634735107,45
ATP-dependent chromatin remodeling,1.387440022870834e-06,7.057596267097773e-06,0.00012842814127604166,105
Galactose metabolism,1.315417743952274e-06,2.5121886011832853e-05,0.00020786126454671225,27
Cysteine and methionine metabolism,1.2565936362192904e-06,1.6081935948066673e-05,0.00045530001322428387,48
Hedgehog signaling pathway,6.890013104499104e-07,8.825756857794039e-06,0.00019028782844543457,52
Glycosaminoglycan biosynthesis - chondroitin sulfate / dermatan sulfate,2.983780134080405e-07,1.1498035215906421e-05,9.367863337198893e-06,21
Ribosome biogenesis in eukaryotes,2.4813981280846775e-07,1.394441513442977e-05,-0.00016809503237406412,82
Hippo signaling pathway - multiple species,2.2685243968497323e-07,2.0679649343609518e-05,0.0005956292152404785,28
Fatty acid degradation,1.5695889791593012e-07,1.3578502188744163e-05,-1.815954844156901e-05,42
Pantothenate and CoA biosynthesis,-1.973339489221478e-07,3.6609331337255775e-06,0.00045220057169596356,20
Glutathione metabolism,-4.89680540042651e-07,5.372237874101655e-06,2.5480985641479492e-05,52
Antigen processing and presentation,-5.661731673859786e-07,1.6726599604922448e-05,0.00015866756439208984,63
Homologous recombination,-9.350123859238243e-07,3.515007886447535e-06,-0.00011738141377766927,40
Base excision repair,-1.1247538385476357e-06,1.1104502330042582e-05,-0.00032715996106465656,44
Fructose and mannose metabolism,-1.385098411854635e-06,1.6606806274302206e-05,-0.00019723176956176758,35
"Valine, leucine and isoleucine degradation",-1.6580025354503054e-06,9.670152678419605e-07,-0.0004083216190338135,47
Pyrimidine metabolism,-2.8863549231816776e-06,1.0529581691551123e-05,-0.00017319122950236002,54
Glucagon signaling pathway,-2.9502880004583787e-06,1.7136053325266996e-05,-2.7517477671305337e-06,93
Fatty acid biosynthesis,-3.0628272464546433e-06,2.403754793588636e-05,-0.0006505151589711508,17
Cholesterol metabolism,-3.1510279291380172e-06,1.049712727063249e-05,-5.5511792500813804e-05,44
Nucleotide excision repair,-3.2944338661152392e-06,1.9916878328709355e-05,-0.00017728408177693686,60
Folate biosynthesis,-3.428402401269478e-06,3.2819903305712225e-05,-0.0002969503402709961,23
Various types of N-glycan biosynthesis,-3.5663445789868575e-06,1.1701690059723324e-05,-0.000382612148920695,43
Melanogenesis,-3.7115954216737634e-06,5.951757110278064e-06,-0.000571906566619873,94
Synaptic vesicle cycle,-3.8879258291713015e-06,1.5839011133602568e-06,0.0003712574640909831,68
Integrated stress response (ISR) signaling pathway,-3.9590256554200565e-06,2.0367040593721428e-05,-0.00020635128021240234,51
FoxO signaling pathway,-4.0580828983468225e-06,1.134278277015158e-05,0.00017722447713216147,121
N-Glycan biosynthesis,-4.187864916590141e-06,1.9109712704058858e-05,-1.8209218978881836e-05,55
IL-17 signaling pathway,-4.1960250763972695e-06,7.975625848916437e-06,0.0009553233782450358,84
Thyroid hormone synthesis,-4.206526847109575e-06,6.367418126949787e-06,-9.674827257792155e-05,68
Amino sugar and nucleotide sugar metabolism,-4.358305817538562e-06,1.3566873706639598e-05,-0.0005712409814198812,37
Vitamin digestion and absorption,-4.417981420146155e-06,3.4360403048207e-05,0.0008420844872792562,22
Glycerolipid metabolism,-4.594950448947681e-06,8.013511144392962e-06,-0.00019188721974690756,58
Protein export,-4.798954441424345e-06,5.558553807462759e-06,-0.0005419353644053141,30
PPAR signaling pathway,-5.288918813091866e-06,9.802835784474742e-06,-0.0003422399361928304,68
Selenocompound metabolism,-5.35228422708182e-06,1.2679057279715835e-05,-0.00018923481305440268,17
Glycolysis / Gluconeogenesis,-5.397839205537973e-06,1.3073457414600264e-05,4.740556081136068e-05,57
Gap junction,-5.618376391273531e-06,6.193812881321923e-06,-0.0001230637232462565,77
Endocrine and other factor-regulated calcium reabsorption,-5.646759555425855e-06,1.0612638399712474e-05,-0.0008216698964436849,49
Cornified envelope formation,-5.863961719347148e-06,2.0885151751175693e-05,-0.00020791093508402506,150
Mismatch repair,-6.124661082333264e-06,1.1647961263179641e-05,-0.0005985796451568604,22
Th1 and Th2 cell differentiation,-6.225421315231294e-06,1.2893767924658228e-05,7.125735282897949e-05,84
Tyrosine metabolism,-6.2301045373007e-06,9.575459885861559e-06,-0.000359723965326945,31
Lysine degradation,-6.357828776041667e-06,1.3013790716193511e-05,4.813075065612793e-05,61
Nucleocytoplasmic transport,-6.379967644039771e-06,1.1935527006208296e-05,-0.00012119611104329427,101
Gastric acid secretion,-6.6610319274055625e-06,7.084550122160839e-06,-0.0003421207269032796,68
Integrin signaling,-6.68558336436309e-06,8.133963616418367e-06,8.442004521687825e-05,149
Vascular smooth muscle contraction,-6.771371478050033e-06,6.700444557066765e-06,-0.0001326898733774821,121
Cortisol synthesis and secretion,-6.774067878671334e-06,1.9250937286887908e-05,0.00033983588218688965,54
Purine metabolism,-6.843890462571167e-06,1.1339477882686657e-05,-5.447864532470703e-05,114
Glycosylphosphatidylinositol (GPI)-anchor biosynthesis,-7.006596951260787e-06,1.139988772957596e-05,-0.00036597251892089844,30
Fat digestion and absorption,-7.037889389864087e-06,1.8368531826440584e-05,0.0006820360819498698,34
Starch and sucrose metabolism,-7.099267982257906e-06,9.513653537673492e-06,-0.00023940205574035645,30
Insulin signaling pathway,-7.203292279026978e-06,1.687835476471091e-05,-0.0003636479377746582,129
Glycosphingolipid biosynthesis - lacto and neolacto series,-7.225714978723967e-06,3.41116069987582e-05,-9.455283482869466e-05,26
Signaling pathways regulating pluripotency of stem cells,-7.693895271813448e-06,3.1558719061137016e-06,0.00017727414766947427,123
Pyruvate metabolism,-7.69886232554473e-06,1.115568372108197e-05,-0.00043762723604838055,45
Neuroactive ligand signaling,-7.855679307685234e-06,4.628350835132275e-06,0.00027685364087422687,147
Pentose phosphate pathway,-8.061741079627241e-06,1.0685932899564807e-05,0.0001315772533416748,27
Basal transcription factors,-8.116520586483785e-06,2.2503772705728234e-05,0.00047971804936726886,40
Butanoate metabolism,-8.336490108858582e-06,2.0280948503186718e-05,0.0001868605613708496,23
Peroxisome,-8.45754430408204e-06,1.8093059619113643e-05,-0.0005999902884165446,78
Biosynthesis of unsaturated fatty acids,-8.477128687382299e-06,2.269076943572007e-05,-0.000908056894938151,26
Folate transport and metabolism,-8.477412518970162e-06,2.3190295693068795e-05,-0.0002381006876627604,27
Progesterone-mediated oocyte maturation,-8.488198121381352e-06,2.5303261333910814e-06,0.00011907021204630534,89
Mitophagy - animal,-8.58335267928112e-06,1.107972681530625e-05,-0.00032400091489156085,101
Estrogen signaling pathway,-8.767701330588315e-06,1.1774681225123277e-05,0.00013339519500732422,115
Mineral absorption,-8.783312071066382e-06,1.6401925940263883e-05,-0.0002770225207010905,50
NF-kappa B signaling pathway,-9.357006776844479e-06,1.2814438730668368e-06,-7.366140683492024e-05,103
TGF-beta signaling pathway,-9.568887097466394e-06,1.5829324839407245e-05,0.0006859699885050455,105
Ubiquinone and other terpenoid-quinone biosynthesis,-9.858892077459677e-06,2.3645435745096176e-05,-0.00030721227327982586,11
Glutamatergic synapse,-9.936732905317195e-06,1.2606647828449647e-05,0.00024444858233133954,102
Oocyte meiosis,-1.0001801309093375e-05,7.0250516306816785e-06,-0.00021989146868387857,114
One carbon pool by folate,-1.0109657333020236e-05,1.2055496649628359e-05,-2.3772319157918293e-05,38
Pancreatic secretion,-1.0514897959520061e-05,8.054525314354527e-06,2.857049306233724e-05,89
DNA replication,-1.0766301836199569e-05,6.441371573345037e-06,-0.00013050436973571777,35
Ubiquitin mediated proteolysis,-1.0864507584399755e-05,7.973736884158989e-06,-0.0004062056541442871,139
RNA degradation,-1.0901902403196809e-05,1.0314707416537004e-05,-2.4636586507161457e-05,76
Fc gamma R-mediated phagosome formation,-1.1118465945814116e-05,1.4704927099231095e-05,1.2010335922241211e-05,95
Circadian entrainment,-1.130756877728197e-05,1.277813304933611e-05,-0.00023111701011657715,89
Longevity regulating pathway,-1.1410741578991393e-05,1.5036340174224262e-05,-0.0004900693893432617,83
p53 signaling pathway,-1.1458567210594536e-05,1.9734212479884186e-05,0.00021611650784810385,75
Longevity regulating pathway - multiple species,-1.1634188039066906e-05,1.5939049407012628e-05,-0.00031755367914835614,56
Autophagy - other,-1.1662996950582519e-05,1.4520624260062188e-05,-0.00042818983395894367,31
Vasopressin-regulated water reabsorption,-1.1729484512705094e-05,7.015668971897044e-06,-0.00035840272903442383,41
Inflammatory mediator regulation of TRP channels,-1.1770569142847501e-05,1.853411082591098e-05,3.864367802937825e-06,93
Cellular senescence,-1.2058019638068925e-05,8.267686139916511e-06,-1.4623006184895834e-05,150
Cardiac muscle contraction,-1.226599727355282e-05,1.600486484463353e-05,8.579095204671224e-05,79
ABC transporters,-1.2290052005203833e-05,8.58448340167412e-07,0.0005986293156941732,40
Viral protein interaction with cytokine and cytokine receptor,-1.2397978986999902e-05,1.3812340171206305e-05,0.0004578729470570882,85
Natural killer cell mediated cytotoxicity,-1.2593822819817468e-05,1.334378576235884e-05,-0.0001332064469655355,99
alpha-Linolenic acid metabolism,-1.266527743574534e-05,4.0415743487582696e-05,6.86943531036377e-05,22
Th17 cell differentiation,-1.2711896782794755e-05,7.0813671593901295e-06,3.1391779581705728e-06,98
Nicotinate and nicotinamide metabolism,-1.3068815072384924e-05,1.985540762066457e-05,-0.00045943260192871094,34
Arachidonic acid metabolism,-1.3070730935963818e-05,1.2267565984029656e-05,-0.00016296903292338052,55
Collecting duct acid secretion,-1.3410761242764005e-05,1.4513870210521103e-05,0.00014815727869669595,23
GnRH secretion,-1.3413812432916394e-05,2.166426495288988e-05,0.00034058094024658203,58
mTOR signaling pathway,-1.3492362839762073e-05,4.03999532143339e-06,-0.00039773186047871906,147
Phospholipase D signaling pathway,-1.3801597413561536e-05,1.0925702777693317e-05,-0.0002461175123850505,136
Circadian rhythm,-1.3962671870223117e-05,1.2083974798779695e-05,-0.00021929542223612467,32
Long-term potentiation,-1.4023269925870588e-05,8.09158933287374e-06,-0.00022502740224202475,62
Osteoclast differentiation,-1.4122823874177884e-05,6.0124569240177534e-06,-5.678335825602213e-05,128
mRNA surveillance pathway,-1.4209463482813453e-05,1.1515074584766388e-05,-0.0003145734469095866,90
GABAergic synapse,-1.434272243857245e-05,2.1505482640979227e-06,-0.00014867385228474936,79
Retrograde endocannabinoid signaling,-1.4349889187507495e-05,1.3516607287956702e-05,-7.12275505065918e-05,134
Adrenergic signaling in cardiomyocytes,-1.4478535879214327e-05,1.6411942816048986e-05,-0.0001262227694193522,144
TNF signaling pathway,-1.4525226184280982e-05,7.173703385775861e-06,7.855892181396484e-05,117
Arginine and proline metabolism,-1.4554886590930257e-05,3.4281026081976964e-05,-4.7485033671061196e-05,48
"Parathyroid hormone synthesis, secretion and action",-1.4570710204830917e-05,4.653437258254951e-06,-0.00029073158899943036,104
Glyoxylate and dicarboxylate metabolism,-1.4573548521264653e-05,1.239615376957213e-05,-7.847944895426433e-05,27
Dopaminergic synapse,-1.4644222600076104e-05,1.5092342954390854e-05,0.00014061729113260904,121
Glycosaminoglycan degradation,-1.4664729436231205e-05,8.299891195124885e-06,-0.0013111432393391926,17
Fanconi anemia pathway,-1.4783087230796355e-05,1.3596512335672154e-05,-0.0006321767965952555,53
Insulin secretion,-1.4800613834668278e-05,8.79553280882063e-06,-0.0006498495737711588,72
Apoptosis,-1.4881931600115491e-05,9.065708568932192e-06,-9.478131930033366e-05,132
Oxytocin signaling pathway,-1.4944161687494942e-05,1.3440274849078494e-05,-0.00017876426378885904,142
HIF-1 signaling pathway,-1.494905778343103e-05,7.081558534097342e-06,-0.0002663632233937581,102
Sphingolipid metabolism,-1.5057836260101709e-05,1.697002907792345e-05,-0.00021154681841532388,51
Notch signaling pathway,-1.5137521993594897e-05,1.2535832856733091e-05,-0.00013366341590881348,60
Relaxin signaling pathway,-1.5159873735237639e-05,3.2481227469438623e-07,6.834665934244792e-06,120
Steroid biosynthesis,-1.5182793140352166e-05,1.5835307737685734e-05,-0.0008324384689331055,19
Serotonergic synapse,-1.540396894728069e-05,1.2902327626865058e-05,2.1596749623616535e-05,91
Toll-like receptor signaling pathway,-1.5483512764739398e-05,1.3038262352841743e-05,-8.455912272135417e-05,90
C-type lectin receptor signaling pathway,-1.5532402765194853e-05,4.459121716855306e-06,-0.00017912189165751138,97
RNA polymerase,-1.5597755000706925e-05,6.192630430295523e-06,-0.0004995067914326986,33
Cell adhesion molecule (CAM) interaction,-1.559782595853913e-05,2.2425486676430817e-05,0.0005683203538258871,150
Mucin type O-glycan biosynthesis,-1.5890669255003154e-05,1.716538246309418e-05,1.5556812286376953e-05,33
Ether lipid metabolism,-1.5905925205765097e-05,2.9476812898458308e-05,-0.0001758734385172526,47
Phototransduction,-1.593892063419163e-05,4.5358292931840726e-05,-5.283951759338379e-05,16
Neurotrophin signaling pathway,-1.6053872449036295e-05,6.743445406547722e-06,-3.984570503234863e-05,119
Cobalamin transport and metabolism,-1.6076933769963258e-05,2.958439687103609e-05,-0.00033362706502278644,17
B cell receptor signaling pathway,-1.6186776615264204e-05,6.9504664750186655e-06,-0.00027430057525634766,80
GnRH signaling pathway,-1.6190253552890905e-05,1.1402037041892035e-05,-0.00019236405690511069,86
Platelet activation,-1.631563618068969e-05,1.1291194876712758e-05,-0.0006105999151865641,117
Other glycan degradation,-1.651318300333049e-05,9.743112600682016e-06,-0.0011067688465118408,17
Fc epsilon RI signaling pathway,-1.6658291930278974e-05,2.0061166841658287e-05,9.736418724060059e-05,62
Salivary secretion,-1.6661697909888435e-05,2.7327776037194944e-06,-0.0008748471736907959,78
"Virion - Ebolavirus, Lyssavirus and Morbillivirus",-1.6831571147587116e-05,2.2630548624230865e-05,0.0021443466345469155,11
Long-term depression,-1.6855058215914376e-05,6.128812232156359e-06,-0.0005990862846374512,56
Viral life cycle - HIV-1,-1.689209824510633e-05,1.7034976030552177e-05,-0.00035648544629414874,63
Adherens junction,-1.691395328151657e-05,5.017361867077589e-06,-0.00020901362101236978,92
Thyroid hormone signaling pathway,-1.7176568508155594e-05,8.290670480672068e-06,-0.0002953807512919108,118
Aldosterone synthesis and secretion,-1.7344951629638672e-05,1.6829479169254796e-05,-0.000412444273630778,89
Polycomb repressive complex,-1.7604231834352408e-05,1.0420486169753356e-05,5.811452865600586e-05,83
"Growth hormone synthesis, secretion and action",-1.7714713300957346e-05,7.366768835871622e-06,0.0001303553581237793,107
T cell receptor signaling pathway,-1.7801707699161007e-05,3.602634912960395e-06,-0.00045933326085408527,116
Cytosolic DNA-sensing pathway,-1.8027566728047912e-05,6.281983198496612e-06,-0.0003014206886291504,68
JAK-STAT signaling pathway,-1.818239688877732e-05,2.4664669518034142e-06,-0.00020778179168701172,122
Renin-angiotensin system,-1.8196091765454447e-05,1.3456817633344756e-05,0.0002066493034362793,20
Non-homologous end-joining,-1.8590759663261736e-05,2.803544792307974e-05,0.00044675668080647785,12
RIG-I-like receptor signaling pathway,-1.867356754477652e-05,2.010319793378194e-05,-0.0002682805061340332,54
Prolactin signaling pathway,-1.871401355376297e-05,6.190722143807936e-06,-5.861123402913412e-05,65
Oxidative phosphorylation,-1.8718554860093956e-05,3.806354792287779e-06,-0.0002456506093343099,128
Hematopoietic cell lineage,-1.8808742364225434e-05,9.943741647916015e-06,-0.00016734997431437174,86
Aldosterone-regulated sodium reabsorption,-1.8833151885407535e-05,1.8237664070145626e-05,-0.00022890170415242514,34
Ovarian steroidogenesis,-1.9054327692262046e-05,2.9557129560659046e-06,-0.000191420316696167,42
AMPK signaling pathway,-1.922100782388488e-05,1.0193853753122937e-05,-0.0006318092346191406,114
"Alanine, aspartate and glutamate metabolism",-1.9480358986615858e-05,2.615341246017447e-05,-0.0005575617154439291,34
Regulation of lipolysis in adipocytes,-1.9716435954664213e-05,1.176552486549375e-05,-0.0002537469069163005,53
ErbB signaling pathway,-1.976184901734494e-05,5.882339453500354e-06,-0.0001430809497833252,84
Other types of O-glycan biosynthesis,-2.0109329904816065e-05,1.8362643896215194e-05,-0.00044997533162434894,47
Olfactory transduction,-2.03651331719031e-05,1.438589346977459e-05,-0.0003075997034708659,41
Arginine biosynthesis,-2.0495908600944485e-05,1.3753198834624908e-05,-0.001749257246653239,21
Necroptosis,-2.0650951635281523e-05,1.57724417695038e-05,-0.00028779109319051105,130
Apoptosis - multiple species,-2.1031498908974378e-05,7.416115464232334e-06,0.0005254149436950684,31
Terpenoid backbone biosynthesis,-2.1343075093790038e-05,3.0673339205614446e-05,-0.00011755029360453288,23
Cholinergic synapse,-2.1378908838613302e-05,3.1170242025450207e-06,-0.00016791621843973795,101
Fatty acid elongation,-2.1553891045744678e-05,1.6003055750634902e-05,-0.0007595916589101156,28
Apelin signaling pathway,-2.1827362832479064e-05,6.672066238990498e-06,-0.0008032421271006266,129
Virion - Hepatitis viruses,-2.193103233968004e-05,1.0787307040331818e-06,1.099705696105957e-05,39
VEGF signaling pathway,-2.2179668857906048e-05,7.013654514463676e-06,-0.0002932250499725342,57
Linoleic acid metabolism,-2.247229928065142e-05,2.246963732447685e-05,0.00015868743260701498,23
Adipocytokine signaling pathway,-2.2787068571394897e-05,2.052627942312728e-06,-0.0009506642818450928,64
Aminoacyl-tRNA biosynthesis,-2.3081685815551367e-05,6.430653512020975e-06,-0.0010917186737060547,44
Leukocyte transendothelial migration,-2.3838664804228433e-05,1.1449105995246172e-05,-0.0007797380288441976,106
Glycosaminoglycan biosynthesis - keratan sulfate,-2.4420519669850666e-05,1.6689444158768137e-05,-0.0005380511283874512,14
Mannose type O-glycan biosynthesis,-2.4509784721238326e-05,1.378814461244834e-05,-0.000761022170384725,23
Intestinal immune network for IgA production,-2.503430559523216e-05,1.8203421385745357e-05,-0.0004730820655822754,41
Glycerophospholipid metabolism,-2.5383205640827633e-05,1.7229680259652116e-05,-0.0005193849404652914,97
Carbohydrate digestion and absorption,-2.542918636686912e-05,6.012486645693997e-06,-0.000563343365987142,37
SNARE interactions in vesicular transport,-2.5440539632604064e-05,1.8991144198782213e-05,7.497270901997884e-05,33
Sphingolipid signaling pathway,-2.723556189302793e-05,1.4010291762319712e-05,-0.00037093957265218097,121
Proteasome,-3.0019666467392032e-05,5.02313844488422e-05,-0.0004902283350626627,44
