pathway,tcga,gtex,rank_tcga,rank_gtex,rank_diff
Taurine and hypotaurine metabolism,3.512584500842131e-05,1.0958030110382507e-05,1.0,13.0,12.0
Renin-angiotensin system,2.4315052562321842e-05,-1.8196091765454447e-05,2.0,184.0,182.0
Mucin type O-glycan biosynthesis,2.1940386957649178e-05,-1.5890669255003154e-05,3.0,162.0,159.0
Starch and sucrose metabolism,2.014744612906701e-05,-7.099267982257906e-06,4.0,88.0,84.0
ABC transporters,2.0036680830837206e-05,-1.2290052005203833e-05,5.0,124.0,119.0
Cardiac muscle contraction,1.785837941696104e-05,-1.226599727355282e-05,6.0,123.0,117.0
N-Glycan biosynthesis,1.7471528715562457e-05,-4.187864916590141e-06,7.0,63.0,56.0
Ribosome biogenesis in eukaryotes,1.681082778504095e-05,2.4813981280846775e-07,8.0,42.0,34.0
Various types of N-glycan biosynthesis,1.5442818403229214e-05,-3.5663445789868575e-06,9.0,58.0,49.0
Folate transport and metabolism,1.5426509910117698e-05,-8.477412518970162e-06,10.0,99.0,89.0
Pantothenate and CoA biosynthesis,1.5234202146552356e-05,-1.973339489221478e-07,11.0,45.0,34.0
Cholesterol metabolism,1.4408429463726632e-05,-3.1510279291380172e-06,12.0,55.0,43.0
Glutathione metabolism,1.4352384540764854e-05,-4.89680540042651e-07,13.0,46.0,33.0
Lipoic acid metabolism,1.324754622256119e-05,2.725748788745541e-05,14.0,1.0,-13.0
Arginine biosynthesis,1.2903826104341634e-05,-2.0495908600944485e-05,15.0,198.0,183.0
Nucleocytoplasmic transport,1.2549012899413606e-05,-6.379967644039771e-06,16.0,80.0,64.0
Pancreatic secretion,1.210851801754694e-05,-1.0514897959520061e-05,17.0,110.0,93.0
Complement and coagulation cascades,1.1828872892675571e-05,1.5732007367338003e-05,18.0,8.0,-10.0
Arachidonic acid metabolism,1.1367350816637867e-05,-1.3070730935963818e-05,19.0,130.0,111.0
Oxidative phosphorylation,1.1274135775137436e-05,-1.8718554860093956e-05,20.0,188.0,168.0
Virion - Hepatitis viruses,1.1018580860685153e-05,-2.193103233968004e-05,21.0,205.0,184.0
mRNA surveillance pathway,1.1011709769507641e-05,-1.4209463482813453e-05,22.0,138.0,116.0
Other types of O-glycan biosynthesis,1.0915762848358787e-05,-2.0109329904816065e-05,23.0,196.0,173.0
ATP-dependent chromatin remodeling,1.0915266143015264e-05,1.387440022870834e-06,24.0,37.0,13.0
Pyrimidine metabolism,1.084721750688189e-05,-2.8863549231816776e-06,25.0,52.0,27.0
Peroxisome,1.078670223556936e-05,-8.45754430408204e-06,26.0,97.0,71.0
Linoleic acid metabolism,1.0754830307324603e-05,-2.247229928065142e-05,27.0,207.0,180.0
Adipocytokine signaling pathway,1.0590503613220706e-05,-2.2787068571394897e-05,28.0,208.0,180.0
Fat digestion and absorption,1.0472039381722217e-05,-7.037889389864087e-06,29.0,87.0,58.0
Glycosphingolipid biosynthesis - ganglio series,1.0106547011279332e-05,1.7818382808232336e-05,30.0,5.0,-25.0
Homologous recombination,1.003940900179412e-05,-9.350123859238243e-07,31.0,48.0,17.0
Nitrogen metabolism,9.881125556110426e-06,2.375174136393099e-05,32.0,2.0,-30.0
Drug metabolism - cytochrome P450,9.549740288106179e-06,1.662345159629079e-05,33.0,7.0,-26.0
Necroptosis,9.530782699607165e-06,-2.0650951635281523e-05,34.0,199.0,165.0
Vasopressin-regulated water reabsorption,9.460084968086294e-06,-1.1729484512705094e-05,35.0,120.0,85.0
Glycosaminoglycan biosynthesis - keratan sulfate,9.43011707736178e-06,-2.4420519669850666e-05,36.0,211.0,175.0
TGF-beta signaling pathway,9.412566820817444e-06,-9.568887097466394e-06,37.0,105.0,68.0
alpha-Linolenic acid metabolism,9.354617860557468e-06,-1.266527743574534e-05,38.0,127.0,89.0
Retrograde endocannabinoid signaling,9.228785832834005e-06,-1.4349889187507495e-05,39.0,140.0,101.0
Cornified envelope formation,9.01867945994154e-06,-5.863961719347148e-06,40.0,75.0,35.0
ECM-receptor interaction,8.904602792532875e-06,1.3206402460793262e-05,41.0,11.0,-30.0
Synaptic vesicle cycle,8.766270346109254e-06,-3.8879258291713015e-06,42.0,60.0,18.0
Galactose metabolism,8.726699484669828e-06,1.315417743952274e-06,43.0,38.0,-5.0
"Alanine, aspartate and glutamate metabolism",8.585055669141362e-06,-1.9480358986615858e-05,44.0,193.0,149.0
Ether lipid metabolism,8.271551794540125e-06,-1.5905925205765097e-05,45.0,163.0,118.0
Propanoate metabolism,8.238520887160483e-06,4.920931089576659e-06,46.0,25.0,-21.0
"Parathyroid hormone synthesis, secretion and action",8.074194192945564e-06,-1.4570710204830917e-05,47.0,144.0,97.0
Butanoate metabolism,8.063763380065462e-06,-8.336490108858582e-06,48.0,96.0,48.0
Cell adhesion molecule (CAM) interaction,7.949769497028747e-06,-1.559782595853913e-05,49.0,161.0,112.0
IL-17 signaling pathway,7.744712962091485e-06,-4.1960250763972695e-06,50.0,64.0,14.0
"Virion - Ebolavirus, Lyssavirus and Morbillivirus",7.646199729705039e-06,-1.6831571147587116e-05,51.0,173.0,122.0
beta-Alanine metabolism,7.573432392549151e-06,2.7838207426282104e-06,52.0,31.0,-21.0
RNA polymerase,7.501741250452258e-06,-1.5597755000706925e-05,53.0,160.0,107.0
Other glycan degradation,7.202972968337977e-06,-1.651318300333049e-05,54.0,170.0,116.0
Salivary secretion,7.1002377404205674e-06,-1.6661697909888435e-05,55.0,172.0,117.0
Antigen processing and presentation,7.031940751689447e-06,-5.661731673859786e-07,56.0,47.0,-9.0
JAK-STAT signaling pathway,6.991624832197729e-06,-1.818239688877732e-05,57.0,183.0,126.0
Taste transduction,6.7085855536645296e-06,1.6555899665648965e-06,58.0,36.0,-22.0
Collecting duct acid secretion,6.559408373352227e-06,-1.3410761242764005e-05,59.0,131.0,72.0
Vascular smooth muscle contraction,6.451457738920752e-06,-6.771371478050033e-06,60.0,83.0,23.0
Drug metabolism - other enzymes,6.385561492757337e-06,8.768765699329606e-06,61.0,14.0,-47.0
Histidine metabolism,6.377448638406058e-06,8.224021820731528e-06,62.0,16.0,-46.0
Integrin signaling,6.3556763861457215e-06,-6.68558336436309e-06,63.0,82.0,19.0
GABAergic synapse,6.355014112206329e-06,-1.434272243857245e-05,64.0,139.0,75.0
Cytosolic DNA-sensing pathway,6.3295165698695754e-06,-1.8027566728047912e-05,65.0,182.0,117.0
Retinol metabolism,6.1269435617979555e-06,2.057836169289118e-05,66.0,3.0,-63.0
Glycosphingolipid biosynthesis - globo and isoglobo series,6.07338216570182e-06,6.447164785335542e-06,67.0,22.0,-45.0
Base excision repair,6.050037013038967e-06,-1.1247538385476357e-06,68.0,49.0,-19.0
Polycomb repressive complex,5.930744939301273e-06,-1.7604231834352408e-05,69.0,179.0,110.0
Fatty acid degradation,5.837115976422187e-06,1.5695889791593012e-07,70.0,44.0,-26.0
Metabolism of xenobiotics by cytochrome P450,5.773289336078828e-06,1.4004253205820069e-05,71.0,10.0,-61.0
Virion - Lassa virus and SFTS virus,5.720969703489527e-06,4.735305195772514e-06,72.0,26.0,-46.0
ErbB signaling pathway,5.7102077537137435e-06,-1.976184901734494e-05,73.0,195.0,122.0
Th17 cell differentiation,5.5494407813124385e-06,-1.2711896782794755e-05,74.0,128.0,54.0
Protein export,5.500929223097491e-06,-4.798954441424345e-06,75.0,69.0,-6.0
Oxytocin signaling pathway,5.237344238443835e-06,-1.4944161687494942e-05,76.0,151.0,75.0
Nucleotide excision repair,5.177656809592553e-06,-3.2944338661152392e-06,77.0,56.0,-21.0
Fanconi anemia pathway,4.798091120195025e-06,-1.4783087230796355e-05,78.0,148.0,70.0
GnRH secretion,4.764646291769796e-06,-1.3413812432916394e-05,79.0,132.0,53.0
PPAR signaling pathway,4.742542902687792e-06,-5.288918813091866e-06,80.0,70.0,-10.0
Th1 and Th2 cell differentiation,4.666381412129124e-06,-6.225421315231294e-06,81.0,77.0,-4.0
Primary bile acid biosynthesis,4.650072919091623e-06,1.239535354439584e-05,82.0,12.0,-70.0
Mismatch repair,4.5443574588540274e-06,-6.124661082333264e-06,83.0,76.0,-7.0
Hippo signaling pathway - multiple species,4.4890575939075345e-06,2.2685243968497323e-07,84.0,43.0,-41.0
Adrenergic signaling in cardiomyocytes,4.401637448266567e-06,-1.4478535879214327e-05,85.0,141.0,56.0
Cobalamin transport and metabolism,4.359003570246027e-06,-1.6076933769963258e-05,86.0,166.0,80.0
Purine metabolism,4.316949182088988e-06,-6.843890462571167e-06,87.0,85.0,-2.0
Bile secretion,4.1778716776130764e-06,2.6419049217555704e-06,88.0,33.0,-55.0
Viral life cycle - HIV-1,4.052701923532946e-06,-1.689209824510633e-05,89.0,175.0,86.0
Mitophagy - animal,4.0485627122259045e-06,-8.58335267928112e-06,90.0,101.0,11.0
Prolactin signaling pathway,3.92860836451181e-06,-1.871401355376297e-05,91.0,187.0,96.0
Neuroactive ligand signaling,3.855592674684161e-06,-7.855679307685234e-06,92.0,93.0,1.0
SNARE interactions in vesicular transport,3.7233034769768025e-06,-2.5440539632604064e-05,93.0,216.0,123.0
Non-homologous end-joining,3.6328203147917293e-06,-1.8590759663261736e-05,94.0,185.0,91.0
Olfactory transduction,3.528677755030666e-06,-2.03651331719031e-05,95.0,197.0,102.0
Viral protein interaction with cytokine and cytokine receptor,3.4170018301897067e-06,-1.2397978986999902e-05,96.0,125.0,29.0
DNA replication,3.4043358431897395e-06,-1.0766301836199569e-05,97.0,111.0,14.0
Mannose type O-glycan biosynthesis,3.3423304558466427e-06,-2.4509784721238326e-05,98.0,212.0,114.0
Aminoacyl-tRNA biosynthesis,3.321054908929829e-06,-2.3081685815551367e-05,99.0,209.0,110.0
Leukocyte transendothelial migration,3.319068087518732e-06,-2.3838664804228433e-05,100.0,210.0,110.0
Glycosphingolipid biosynthesis - lacto and neolacto series,3.270722097899655e-06,-7.225714978723967e-06,101.0,90.0,-11.0
Insulin signaling pathway,3.2699770397363417e-06,-7.203292279026978e-06,102.0,89.0,-13.0
Adherens junction,3.1727883551546654e-06,-1.691395328151657e-05,103.0,176.0,73.0
Basal transcription factors,3.1414131324754755e-06,-8.116520586483785e-06,104.0,95.0,-9.0
Apoptosis - multiple species,3.1368599997527724e-06,-2.1031498908974378e-05,105.0,200.0,95.0
Phospholipase D signaling pathway,3.0770070022686133e-06,-1.3801597413561536e-05,106.0,134.0,28.0
Selenocompound metabolism,3.040747510082061e-06,-5.35228422708182e-06,107.0,71.0,-36.0
Vitamin digestion and absorption,2.8206242455771266e-06,-4.417981420146155e-06,108.0,67.0,-41.0
Fatty acid biosynthesis,2.8178923660767317e-06,-3.0628272464546433e-06,109.0,54.0,-55.0
Glycerophospholipid metabolism,2.6491781076239582e-06,-2.5383205640827633e-05,110.0,214.0,104.0
One carbon pool by folate,2.5373366142981504e-06,-1.0109657333020236e-05,111.0,109.0,-2.0
FoxO signaling pathway,2.5262435277007e-06,-4.0580828983468225e-06,112.0,62.0,-50.0
Fc epsilon RI signaling pathway,2.4156437980667653e-06,-1.6658291930278974e-05,113.0,171.0,58.0
Hematopoietic cell lineage,2.3815366957391504e-06,-1.8808742364225434e-05,114.0,189.0,75.0
Autophagy - other,2.363406949590363e-06,-1.1662996950582519e-05,115.0,119.0,4.0
Citrate cycle (TCA cycle),2.335260311792098e-06,7.922379743489453e-06,116.0,17.0,-99.0
Tyrosine metabolism,2.2345946894726985e-06,-6.2301045373007e-06,117.0,78.0,-39.0
Biosynthesis of unsaturated fatty acids,2.134342988383923e-06,-8.477128687382299e-06,118.0,98.0,-20.0
Glycosylphosphatidylinositol (GPI)-anchor biosynthesis,2.0147197777135397e-06,-7.006596951260787e-06,119.0,86.0,-33.0
Protein digestion and absorption,1.9558601909534326e-06,4.999694370103984e-06,120.0,24.0,-96.0
"Valine, leucine and isoleucine degradation",1.9281274743857915e-06,-1.6580025354503054e-06,121.0,51.0,-70.0
Long-term depression,1.8296142418883221e-06,-1.6855058215914376e-05,122.0,174.0,52.0
Pyruvate metabolism,1.787725422068102e-06,-7.69886232554473e-06,123.0,92.0,-31.0
T cell receptor signaling pathway,1.693848106628278e-06,-1.7801707699161007e-05,124.0,181.0,57.0
mTOR signaling pathway,1.5740593274360393e-06,-1.3492362839762073e-05,125.0,133.0,8.0
Insulin secretion,1.556674639339543e-06,-1.4800613834668278e-05,126.0,149.0,23.0
Pentose phosphate pathway,1.555184523308976e-06,-8.061741079627241e-06,127.0,94.0,-33.0
Inositol phosphate metabolism,1.5122195086147983e-06,3.4867298035479166e-06,128.0,30.0,-98.0
Signaling pathways regulating pluripotency of stem cells,1.425130499721483e-06,-7.693895271813448e-06,129.0,91.0,-38.0
Glycolysis / Gluconeogenesis,1.3788541157744305e-06,-5.397839205537973e-06,130.0,72.0,-58.0
"Growth hormone synthesis, secretion and action",1.0138584507860908e-06,-1.7714713300957346e-05,131.0,180.0,49.0
Thyroid hormone signaling pathway,9.763571951297105e-07,-1.7176568508155594e-05,132.0,177.0,45.0
Notch signaling pathway,9.135239654733951e-07,-1.5137521993594897e-05,133.0,154.0,21.0
Oocyte meiosis,8.837216430486924e-07,-1.0001801309093375e-05,134.0,108.0,-26.0
Glycosaminoglycan biosynthesis - heparan sulfate / heparin,8.682409921763797e-07,6.260758354563005e-06,135.0,23.0,-112.0
Biosynthesis of various nucleotide sugars,7.166630692223563e-07,1.5181941645477556e-05,136.0,9.0,-127.0
Steroid biosynthesis,6.037453810595986e-07,-1.5182793140352166e-05,137.0,156.0,19.0
Ubiquinone and other terpenoid-quinone biosynthesis,5.693899261342376e-07,-9.858892077459677e-06,138.0,106.0,-32.0
Longevity regulating pathway - multiple species,5.681481625903947e-07,-1.1634188039066906e-05,139.0,118.0,-21.0
Aldosterone-regulated sodium reabsorption,4.962086677847329e-07,-1.8833151885407535e-05,140.0,190.0,50.0
Integrated stress response (ISR) signaling pathway,4.919866721797561e-07,-3.9590256554200565e-06,141.0,61.0,-80.0
Sphingolipid signaling pathway,3.9041042339723237e-07,-2.723556189302793e-05,142.0,217.0,75.0
p53 signaling pathway,3.8006239470404307e-07,-1.1458567210594536e-05,143.0,117.0,-26.0
RIG-I-like receptor signaling pathway,2.9338730715237443e-07,-1.867356754477652e-05,144.0,186.0,42.0
Renin secretion,1.72273980340402e-07,4.072132564703068e-06,145.0,27.0,-118.0
Cellular senescence,1.2467304869960097e-07,-1.2058019638068925e-05,146.0,122.0,-24.0
Serotonergic synapse,9.478794205097785e-08,-1.540396894728069e-05,147.0,157.0,10.0
Phototransduction,3.9736429924275285e-08,-1.593892063419163e-05,148.0,164.0,16.0
Steroid hormone biosynthesis,-8.294979729021416e-08,1.7174865518406374e-05,149.0,6.0,-143.0
Glycosaminoglycan degradation,-9.147657283511042e-08,-1.4664729436231205e-05,150.0,147.0,-3.0
Endocrine and other factor-regulated calcium reabsorption,-2.2848447167600483e-07,-5.646759555425855e-06,151.0,74.0,-77.0
TNF signaling pathway,-2.57127814780785e-07,-1.4525226184280982e-05,152.0,142.0,-10.0
NF-kappa B signaling pathway,-3.1631853847358116e-07,-9.357006776844479e-06,153.0,104.0,-49.0
Ovarian steroidogenesis,-3.6151872739864643e-07,-1.9054327692262046e-05,154.0,191.0,37.0
Fc gamma R-mediated phagosome formation,-3.9024485487537675e-07,-1.1118465945814116e-05,155.0,114.0,-41.0
Proximal tubule bicarbonate reclamation,-5.126827292700753e-07,6.6855833644741125e-06,156.0,21.0,-135.0
Toll-like receptor signaling pathway,-5.329648652778e-07,-1.5483512764739398e-05,157.0,158.0,1.0
GnRH signaling pathway,-5.405810143225646e-07,-1.6190253552890905e-05,158.0,168.0,10.0
Mineral absorption,-5.774199962245893e-07,-8.783312071066382e-06,159.0,103.0,-56.0
Fatty acid elongation,-5.824698341427847e-07,-2.1553891045744678e-05,160.0,203.0,43.0
C-type lectin receptor signaling pathway,-6.223718324778934e-07,-1.5532402765194853e-05,161.0,159.0,-2.0
Circadian rhythm,-6.488627858347584e-07,-1.3962671870223117e-05,162.0,135.0,-27.0
Arginine and proline metabolism,-9.146829446082805e-07,-1.4554886590930257e-05,163.0,143.0,-20.0
Carbohydrate digestion and absorption,-1.0535120964124307e-06,-2.542918636686912e-05,164.0,215.0,51.0
Neurotrophin signaling pathway,-1.0667575730168484e-06,-1.6053872449036295e-05,165.0,165.0,0.0
Melanogenesis,-1.1151863468228385e-06,-3.7115954216737634e-06,166.0,59.0,-107.0
Sphingolipid metabolism,-1.2096431520521496e-06,-1.5057836260101709e-05,167.0,153.0,-14.0
Gap junction,-1.2338161467321622e-06,-5.618376391273531e-06,168.0,73.0,-95.0
Proteasome,-1.4716552363402968e-06,-3.0019666467392032e-05,169.0,218.0,49.0
Cortisol synthesis and secretion,-1.494420899324685e-06,-6.774067878671334e-06,170.0,84.0,-86.0
Platelet activation,-1.508577002392227e-06,-1.631563618068969e-05,171.0,169.0,-2.0
Hedgehog signaling pathway,-1.5861458249055715e-06,6.890013104499104e-07,172.0,40.0,-132.0
Progesterone-mediated oocyte maturation,-1.6964972019417601e-06,-8.488198121381352e-06,173.0,100.0,-73.0
Aldosterone synthesis and secretion,-1.7278724246579575e-06,-1.7344951629638672e-05,174.0,178.0,4.0
Tryptophan metabolism,-1.8728276094022907e-06,3.967469646852055e-06,175.0,28.0,-147.0
Phosphatidylinositol signaling system,-1.9144680764397273e-06,1.7229290235620809e-06,176.0,35.0,-141.0
Ubiquitin mediated proteolysis,-1.948575178730335e-06,-1.0864507584399755e-05,177.0,112.0,-65.0
Thyroid hormone synthesis,-1.999984184782496e-06,-4.206526847109575e-06,178.0,65.0,-113.0
Dopaminergic synapse,-2.050399780221627e-06,-1.4644222600076104e-05,179.0,146.0,-33.0
VEGF signaling pathway,-2.170850833205229e-06,-2.2179668857906048e-05,180.0,206.0,26.0
Glutamatergic synapse,-2.2281375196738415e-06,-9.936732905317195e-06,181.0,107.0,-74.0
Glucagon signaling pathway,-2.241300212017331e-06,-2.9502880004583787e-06,182.0,53.0,-129.0
Apelin signaling pathway,-2.361171775396483e-06,-2.1827362832479064e-05,183.0,204.0,21.0
Inflammatory mediator regulation of TRP channels,-2.5784803761771022e-06,-1.1770569142847501e-05,184.0,121.0,-63.0
Terpenoid backbone biosynthesis,-2.6920603380942154e-06,-2.1343075093790038e-05,185.0,201.0,16.0
Gastric acid secretion,-2.7079549100491227e-06,-6.6610319274055625e-06,186.0,81.0,-105.0
RNA degradation,-2.838753991651899e-06,-1.0901902403196809e-05,187.0,113.0,-74.0
HIF-1 signaling pathway,-2.8930604456522957e-06,-1.494905778343103e-05,188.0,152.0,-36.0
Apoptosis,-2.950429916307821e-06,-1.4881931600115491e-05,189.0,150.0,-39.0
Cholinergic synapse,-3.0794905291712618e-06,-2.1378908838613302e-05,190.0,202.0,12.0
AMPK signaling pathway,-3.0846231512023556e-06,-1.922100782388488e-05,191.0,192.0,1.0
Osteoclast differentiation,-3.1240284442679567e-06,-1.4122823874177884e-05,192.0,137.0,-55.0
"Glycine, serine and threonine metabolism",-3.171546591573815e-06,2.694484733445357e-06,193.0,32.0,-161.0
Intestinal immune network for IgA production,-3.2561520734904668e-06,-2.503430559523216e-05,194.0,213.0,19.0
Pentose and glucuronate interconversions,-3.267907433842273e-06,1.8416557993135758e-05,195.0,4.0,-191.0
Glycosaminoglycan biosynthesis - chondroitin sulfate / dermatan sulfate,-3.3227933777061716e-06,2.983780134080405e-07,196.0,41.0,-155.0
Natural killer cell mediated cytotoxicity,-3.3376945389000192e-06,-1.2593822819817468e-05,197.0,126.0,-71.0
Glyoxylate and dicarboxylate metabolism,-3.5158461993608134e-06,-1.4573548521264653e-05,198.0,145.0,-53.0
Cysteine and methionine metabolism,-3.592752748119802e-06,1.2565936362192904e-06,199.0,39.0,-160.0
Glycerolipid metabolism,-3.5948223537918267e-06,-4.594950448947681e-06,200.0,68.0,-132.0
Ascorbate and aldarate metabolism,-3.875129752713609e-06,3.511423156428902e-06,201.0,29.0,-172.0
Lysine degradation,-3.915031750826674e-06,-6.357828776041667e-06,202.0,79.0,-123.0
Circadian entrainment,-4.554705487288165e-06,-1.130756877728197e-05,203.0,115.0,-88.0
Nicotinate and nicotinamide metabolism,-4.581775930175465e-06,-1.3068815072384924e-05,204.0,129.0,-75.0
Longevity regulating pathway,-4.587653610406879e-06,-1.1410741578991393e-05,205.0,116.0,-89.0
Thiamine metabolism,-5.041642321438704e-06,7.123038882358064e-06,206.0,18.0,-188.0
Ferroptosis,-5.253901084264119e-06,6.8363689241420405e-06,207.0,20.0,-187.0
Amino sugar and nucleotide sugar metabolism,-5.373772647569257e-06,-4.358305817538562e-06,208.0,66.0,-142.0
Relaxin signaling pathway,-5.935215287726041e-06,-1.5159873735237639e-05,209.0,155.0,-54.0
B cell receptor signaling pathway,-6.048215760149726e-06,-1.6186776615264204e-05,210.0,167.0,-43.0
Porphyrin metabolism,-6.659908427186778e-06,8.241193635183386e-06,211.0,15.0,-196.0
Long-term potentiation,-6.732427411522875e-06,-1.4023269925870588e-05,212.0,136.0,-76.0
Estrogen signaling pathway,-6.766037808543975e-06,-8.767701330588315e-06,213.0,102.0,-111.0
Sulfur metabolism,-7.952666944902967e-06,2.213744890141219e-06,214.0,34.0,-180.0
Phenylalanine metabolism,-8.065419064617885e-06,7.092385064984737e-06,215.0,19.0,-196.0
Regulation of lipolysis in adipocytes,-9.131100442575738e-06,-1.9716435954664213e-05,216.0,194.0,-22.0
Folate biosynthesis,-9.234994649887085e-06,-3.428402401269478e-06,217.0,57.0,-160.0
Fructose and mannose metabolism,-1.2398511171222518e-05,-1.385098411854635e-06,218.0,50.0,-168.0
