gtex_class,tcga_class,spearman,top5_gtex,top5_tcga
Lung,Lung Adenocarcinoma,,"Glycolysis / Gluconeogen, Citrate cycle (TCA cycle, Pentose phosphate pathwa, Pentose and glucuronate , Fructose and mannose met","Ubiquinone and other ter, Phototransduction, Sphingolipid metabolism, Mucin type O-glycan bios, Various types of N-glyca"
Lung,Lung Squamous Cell Carcinoma,,"Glycolysis / Gluconeogen, Citrate cycle (TCA cycle, Pentose phosphate pathwa, Pentose and glucuronate , Fructose and mannose met","Phototransduction, Glycosaminoglycan degrad, Various types of N-glyca, N-Glycan biosynthesis, Glycosphingolipid biosyn"
Brain,Glioblastoma Multiforme,-0.13015840470132006,"Virion - Ebolavirus, Lys, Non-homologous end-joini, Taurine and hypotaurine , ABC transporters, Th17 cell differentiatio","Renin-angiotensin system, Mucin type O-glycan bios, Cardiac muscle contracti, Sulfur metabolism, Glycosphingolipid biosyn"
Brain,Brain Lower Grade Glioma,-0.055740553449617994,"Virion - Ebolavirus, Lys, Non-homologous end-joini, Taurine and hypotaurine , ABC transporters, Th17 cell differentiatio","Histidine metabolism, Virion - Hepatitis virus, Non-homologous end-joini, Ubiquinone and other ter, Fatty acid biosynthesis"
Liver,Liver Hepatocellular Carcinoma,,"Glycolysis / Gluconeogen, Citrate cycle (TCA cycle, Pentose phosphate pathwa, Pentose and glucuronate , Fructose and mannose met","Glycosphingolipid biosyn, Virion - Hepatitis virus, Starch and sucrose metab, Pantothenate and CoA bio, Folate transport and met"
Prostate,Prostate Adenocarcinoma,,"Renin-angiotensin system, Steroid hormone biosynth, One carbon pool by folat, Olfactory transduction, ECM-receptor interaction","Glycolysis / Gluconeogen, Citrate cycle (TCA cycle, Pentose phosphate pathwa, Pentose and glucuronate , Fructose and mannose met"
Thyroid,Thyroid Carcinoma,,"Glycolysis / Gluconeogen, Citrate cycle (TCA cycle, Pentose phosphate pathwa, Pentose and glucuronate , Fructose and mannose met","Glutathione metabolism, Glycosaminoglycan degrad, Ascorbate and aldarate m, Fatty acid biosynthesis, Tyrosine metabolism"
Stomach,Stomach Adenocarcinoma,0.09929318515447016,"Virion - Ebolavirus, Lys, Vitamin digestion and ab, Glyoxylate and dicarboxy, Bile secretion, Lipoic acid metabolism","Taurine and hypotaurine , Lipoic acid metabolism, RNA polymerase, Glycosylphosphatidylinos, Fatty acid biosynthesis"
Breast - Mammary Tissue,Breast Invasive Carcinoma,-0.04853780780814365,"Renin secretion, Virion - Lassa virus and, Gastric acid secretion, Phototransduction, Virion - Ebolavirus, Lys","Thiamine metabolism, Phenylalanine metabolism, Virion - Ebolavirus, Lys, Retinol metabolism, Arachidonic acid metabol"
Testis,Testicular Germ Cell Tumor,,"Glycolysis / Gluconeogen, Citrate cycle (TCA cycle, Pentose phosphate pathwa, Pentose and glucuronate , Fructose and mannose met","alpha-Linolenic acid met, Glycosphingolipid biosyn, Fat digestion and absorp, Linoleic acid metabolism, Fatty acid biosynthesis"
