,beta_entropy
Sulfur metabolism,0.9998323372574309
Ubiquinone and other terpenoid-quinone biosynthesis,0.9998384149459913
"Virion - Ebolavirus, Lyssavirus and Morbillivirus",0.999946576662334
Primary bile acid biosynthesis,0.9999172123125942
Thiamine metabolism,0.9999204569181184
Non-homologous end-joining,0.9998700449886337
Phenylalanine metabolism,0.9999192399551439
Taurine and hypotaurine metabolism,0.9999294746412516
Glycosaminoglycan biosynthesis - keratan sulfate,0.9999426874468954
Nitrogen metabolism,0.9999120339735864
Virion - Lassa virus and SFTS virus,0.9998675492196777
Glycosphingolipid biosynthesis - globo and isoglobo series,0.9999499014855756
Glycosphingolipid biosynthesis - ganglio series,0.9999595313269959
Phototransduction,0.9999215499687384
Fatty acid biosynthesis,0.9999481577535441
Selenocompound metabolism,0.9998903965910771
Other glycan degradation,0.9999209474840551
Glycosaminoglycan degradation,0.9999017450224456
Cobalamin transport and metabolism,0.9999002793646316
Lipoic acid metabolism,0.999899916988049
Ascorbate and aldarate metabolism,0.9999318522782484
Steroid biosynthesis,0.9999332012328513
Biosynthesis of various nucleotide sugars,0.999909881303332
Pantothenate and CoA biosynthesis,0.999895524881449
Renin-angiotensin system,0.9999379714029364
Arginine biosynthesis,0.999911229729509
Histidine metabolism,0.9999210022917981
Glycosaminoglycan biosynthesis - chondroitin sulfate / dermatan sulfate,0.9999140847167804
Glycosaminoglycan biosynthesis - heparan sulfate / heparin,0.9999188434758368
alpha-Linolenic acid metabolism,0.9999176496741445
Mismatch repair,0.9998815515326104
Proximal tubule bicarbonate reclamation,0.9999149434833604
Vitamin digestion and absorption,0.9999216315248377
Mannose type O-glycan biosynthesis,0.9998735547205349
Linoleic acid metabolism,0.9999225197060526
Butanoate metabolism,0.9999299360906121
Folate biosynthesis,0.9999003979988311
Terpenoid backbone biosynthesis,0.9999352389470231
Collecting duct acid secretion,0.999884218526704
Pentose and glucuronate interconversions,0.9999186758527182
Glycosphingolipid biosynthesis - lacto and neolacto series,0.9999284758259814
Biosynthesis of unsaturated fatty acids,0.9999198292943415
Pentose phosphate pathway,0.999943374696881
Galactose metabolism,0.9999166236786884
Glyoxylate and dicarboxylate metabolism,0.9998899522303946
Folate transport and metabolism,0.9999198163162485
Fatty acid elongation,0.9999232322476449
Hippo signaling pathway - multiple species,0.9998808752604075
Citrate cycle (TCA cycle),0.9998931666617336
beta-Alanine metabolism,0.9999264330686108
Starch and sucrose metabolism,0.9999106128824027
Glycosylphosphatidylinositol (GPI)-anchor biosynthesis,0.9999204738915487
Propanoate metabolism,0.9999179216406617
Protein export,0.9999369565257129
Tyrosine metabolism,0.999904970814084
Autophagy - other,0.9999110967980482
Apoptosis - multiple species,0.9999086751335163
Porphyrin metabolism,0.9999408913318413
Circadian rhythm,0.9999232200149846
Mucin type O-glycan biosynthesis,0.9999100355196177
RNA polymerase,0.9999361469344961
SNARE interactions in vesicular transport,0.999923945954794
"Alanine, aspartate and glutamate metabolism",0.9999172730405695
Nicotinate and nicotinamide metabolism,0.9999312554368056
Aldosterone-regulated sodium reabsorption,0.9999202472716074
Fat digestion and absorption,0.9999213449000212
Fructose and mannose metabolism,0.9999297332155642
DNA replication,0.9999054259069081
"Glycine, serine and threonine metabolism",0.9999113320925419
Tryptophan metabolism,0.9999362430229949
Amino sugar and nucleotide sugar metabolism,0.9999211691585329
Carbohydrate digestion and absorption,0.9999258273869419
One carbon pool by folate,0.9999128160598117
Steroid hormone biosynthesis,0.9999494489576893
Virion - Hepatitis viruses,0.9999295703649526
ABC transporters,0.9999326968088373
Basal transcription factors,0.9999279634110544
Homologous recombination,0.9999073245118644
Ferroptosis,0.9999118894066197
Intestinal immune network for IgA production,0.9998685904179514
Olfactory transduction,0.999930954549147
Vasopressin-regulated water reabsorption,0.9999321815165024
Fatty acid degradation,0.999919834923364
Ovarian steroidogenesis,0.999944360667923
Various types of N-glycan biosynthesis,0.9999458417947387
Aminoacyl-tRNA biosynthesis,0.999938779884751
Proteasome,0.999944562246103
Base excision repair,0.9999200372402666
Cholesterol metabolism,0.9999135497662281
Pyruvate metabolism,0.9999154941246347
Retinol metabolism,0.9999069830235161
Taste transduction,0.9999483316256397
"Valine, leucine and isoleucine degradation",0.9999302410516336
Other types of O-glycan biosynthesis,0.9999108930031564
Ether lipid metabolism,0.9999250330869383
Cysteine and methionine metabolism,0.9999242346307072
Arginine and proline metabolism,0.999931296987768
Drug metabolism - cytochrome P450,0.9999248260270523
Endocrine and other factor-regulated calcium reabsorption,0.9999215519208002
Mineral absorption,0.999929843304644
Sphingolipid metabolism,0.999935495394252
Integrated stress response (ISR) signaling pathway,0.9999462730723903
Glutathione metabolism,0.9999329685214237
Metabolism of xenobiotics by cytochrome P450,0.9999294242016518
Hedgehog signaling pathway,0.9999243392957605
Fanconi anemia pathway,0.9999310242017149
Regulation of lipolysis in adipocytes,0.9999463314188601
Pyrimidine metabolism,0.9999234208946202
RIG-I-like receptor signaling pathway,0.9999138482727862
Cortisol synthesis and secretion,0.9999367765420365
N-Glycan biosynthesis,0.9999463479005064
Arachidonic acid metabolism,0.9999232834413418
Longevity regulating pathway - multiple species,0.9999446203437982
Long-term depression,0.9999350572174451
Glycolysis / Gluconeogenesis,0.9999207863227862
VEGF signaling pathway,0.9999139841199476
Glycerolipid metabolism,0.999927692088057
GnRH secretion,0.9999239266220287
Drug metabolism - other enzymes,0.9999407523011145
Nucleotide excision repair,0.9999084572961965
Notch signaling pathway,0.9999125621508717
Lysine degradation,0.9999308848633145
Fc epsilon RI signaling pathway,0.9999160956477445
Long-term potentiation,0.999941918858988
Renin secretion,0.9999427138783075
Bile secretion,0.9999282832350999
Viral life cycle - HIV-1,0.9999426712959711
Antigen processing and presentation,0.9999113117117254
Adipocytokine signaling pathway,0.9999325537147961
Prolactin signaling pathway,0.9999243779491959
PPAR signaling pathway,0.9999356851106562
Cytosolic DNA-sensing pathway,0.9999320179797428
Synaptic vesicle cycle,0.9999311550208216
Thyroid hormone synthesis,0.9999367177119681
Gastric acid secretion,0.9999409606543396
Complement and coagulation cascades,0.9999290466576439
Insulin secretion,0.9999448998865973
p53 signaling pathway,0.9999474463899449
RNA degradation,0.9999456072180373
Inositol phosphate metabolism,0.9999476040019089
Gap junction,0.9999286320878611
Peroxisome,0.9999449233825958
Salivary secretion,0.9999412010550786
Cardiac muscle contraction,0.9999327878776652
GABAergic synapse,0.9999250527382322
B cell receptor signaling pathway,0.9999218360478038
ECM-receptor interaction,0.9999376053603931
Ribosome biogenesis in eukaryotes,0.9999425795722101
Polycomb repressive complex,0.9999149465845233
Longevity regulating pathway,0.9999358316417127
ErbB signaling pathway,0.9999342884803539
IL-17 signaling pathway,0.9999390271734256
Th1 and Th2 cell differentiation,0.999913636714719
Viral protein interaction with cytokine and cytokine receptor,0.999928353330641
Hematopoietic cell lineage,0.9999268418149084
GnRH signaling pathway,0.9999427704940081
Circadian entrainment,0.9999355325039135
Progesterone-mediated oocyte maturation,0.9999439720794526
Aldosterone synthesis and secretion,0.9999367271108869
Pancreatic secretion,0.9999396514179122
mRNA surveillance pathway,0.999929464231419
Toll-like receptor signaling pathway,0.9999279810185474
Serotonergic synapse,0.9999262121679131
Adherens junction,0.9999365692743584
Protein digestion and absorption,0.9999379984802166
Inflammatory mediator regulation of TRP channels,0.9999418260229772
Glucagon signaling pathway,0.9999404743199148
Melanogenesis,0.9999314609556903
Phosphatidylinositol signaling system,0.9999481251578034
Fc gamma R-mediated phagosome formation,0.9999312507358503
Glycerophospholipid metabolism,0.9999386478470902
C-type lectin receptor signaling pathway,0.9999388409753076
Th17 cell differentiation,0.9999165482442688
Natural killer cell mediated cytotoxicity,0.9999311644831709
Nucleocytoplasmic transport,0.999934022198199
Mitophagy - animal,0.9999298345810415
Cholinergic synapse,0.9999384268795213
HIF-1 signaling pathway,0.9999353973646322
Glutamatergic synapse,0.9999363920152082
NF-kappa B signaling pathway,0.9999432074891061
"Parathyroid hormone synthesis, secretion and action",0.9999382397966033
ATP-dependent chromatin remodeling,0.9999375720027004
TGF-beta signaling pathway,0.999929160223265
Leukocyte transendothelial migration,0.9999397552144788
"Growth hormone synthesis, secretion and action",0.9999395172857647
Purine metabolism,0.9999410925121565
Oocyte meiosis,0.999945292949579
AMPK signaling pathway,0.9999397290320642
Estrogen signaling pathway,0.9999324970535333
T cell receptor signaling pathway,0.9999325971986205
Platelet activation,0.999940312023918
TNF signaling pathway,0.9999317950771857
Thyroid hormone signaling pathway,0.9999353317308309
Neurotrophin signaling pathway,0.9999365093003445
Relaxin signaling pathway,0.9999303557999872
FoxO signaling pathway,0.9999398661512964
Sphingolipid signaling pathway,0.9999351540978781
Vascular smooth muscle contraction,0.999938883877284
Dopaminergic synapse,0.9999361240411285
JAK-STAT signaling pathway,0.9999355761837904
Signaling pathways regulating pluripotency of stem cells,0.9999321880052633
Oxidative phosphorylation,0.9999276959524375
Osteoclast differentiation,0.9999369427911756
Apelin signaling pathway,0.9999384333094424
Insulin signaling pathway,0.9999405699846617
Necroptosis,0.9999464702345469
Apoptosis,0.999941891660595
Retrograde endocannabinoid signaling,0.9999291834403045
Phospholipase D signaling pathway,0.9999431715550398
Ubiquitin mediated proteolysis,0.9999430443037226
Oxytocin signaling pathway,0.999933672424093
Adrenergic signaling in cardiomyocytes,0.9999420444359816
Neuroactive ligand signaling,0.9999392214987414
mTOR signaling pathway,0.9999402565897699
Integrin signaling,0.9999383545598729
Cellular senescence,0.9999424751548526
Cornified envelope formation,0.9999375031904231
Cell adhesion molecule (CAM) interaction,0.9999310675960662
