symbol,gene_col,auc_drop,auc_drop_se
UGT2A3,2422,9.632962090666553e-06,5.364378301645752e-06
CRPPA,5067,9.20806612281222e-06,3.499984064331584e-06
UGT1A10,5153,3.0734709330904053e-06,3.0506849250087745e-06
AKR1A1,1741,2.8827360698535642e-06,1.695281998111746e-06
KL,2330,2.102766718192761e-06,1.998925755438451e-06
BKGD,4476,1.4462641307888546e-06,1.134478911245747e-06
AKR1B15,5098,2.6055744717368157e-07,9.975724130119724e-07
AKR1B10,4862,-1.2895890644237795e-06,1.2696567066294124e-06
UGT1A1,5139,-1.340678759897962e-06,1.065654361273528e-06
CRYL1,3694,-1.3781445367122558e-06,1.909759353596432e-06
UGP2,3956,-1.6970293862383912e-06,2.0383759019466245e-06
XYLB,778,-2.905300685251966e-06,5.891818059108382e-07
SORD,2684,-3.54094164700669e-06,1.821438082105452e-06
UGT2B7,4045,-3.761478832853271e-06,8.940199997236459e-07
UGT2B15,4778,-4.008412361033997e-06,3.0433862101374346e-06
GUSB,3964,-4.389882087618702e-06,1.9872056873836794e-06
DHDH,1112,-5.38229942315116e-06,2.834334281732921e-06
FGGY,4123,-5.799531936800939e-06,1.836973090825737e-06
UGDH,1371,-5.887661661430066e-06,1.820253440262436e-06
RPE,4841,-6.72084944597362e-06,1.408554354767744e-06
AKR1B1,662,-6.8438904626821895e-06,4.2057137222802896e-07
UGT1A6,3791,-7.120626313361633e-06,9.215709259357602e-07
UGT1A7,5173,-7.487620626189795e-06,2.1860658003143942e-06
DCXR,3951,-8.854269981317664e-06,3.8648540959174765e-06
