dataset,pathway,n_genes,spearman
tcga,Taurine and hypotaurine metabolism,14,-0.3626373626373627
tcga,Renin-angiotensin system,20,0.33383458646616543
tcga,Mucin type O-glycan biosynthesis,33,0.08288770053475936
tcga,Starch and sucrose metabolism,30,-0.027808676307007785
tcga,ABC transporters,40,0.2133208255159475
gtex,Lipoic acid metabolism,18,0.11661506707946334
gtex,Nitrogen metabolism,14,0.3186813186813187
gtex,Retinol metabolism,45,-0.13873517786561262
gtex,Pentose and glucuronate interconversions,24,-0.18173913043478263
gtex,Glycosphingolipid biosynthesis - ganglio series,15,-0.2607142857142857
